Protein,Peptide,Label,Precursor MZ,Precursor Charge,RT,Decoy,dalg3_1,dalg3_2,dalg3_3,wt_1,wt_2,wt_3
sp|P22146|GAS1_YEAST,DDVPAIEVVGNK,,628.3300781,2,11.84347284,FALSE,0,0,0.064516129,0,0,0
sp|P22146|GAS1_YEAST,NGVVEIAPVDDK,,628.3300781,2,11.92898616,TRUE,1,0.202898551,1,0.272727273,1,1
sp|P22146|GAS1_YEAST,DDPTWTVDLFNSYK,,850.8937378,2,15.54926599,FALSE,0,0,0,0,0,0
sp|P22146|GAS1_YEAST,YSNFLDVTWTPDDK,,850.8937378,2,20.75370436,TRUE,0.622222222,1,0.537313433,1,0.314606742,0.333333333
sp|P22146|GAS1_YEAST,ALNDADIYVIADLAAPATSINR,,763.0691528,3,16.43697786,FALSE,0,1,0,0,0,0
sp|P22146|GAS1_YEAST,NISTAPAALDAIVYIDADNLAR,,763.0691528,3,21.83649354,TRUE,1,0.631578947,1,1,1,1
sp|P22146|GAS1_YEAST,KIPVGYSSNDDEDTRVK,,481.4918213,4,8.431591239,FALSE,0,0,0,0,0,0
sp|P22146|GAS1_YEAST,VRTDEDDNSSYGVPIKK,,481.4918213,4,10.54092935,TRUE,1,1,0.898550725,1,1,1
sp|P22146|GAS1_YEAST,KIPVGYSSNDDEDTR,,565.9321899,3,8.363537287,FALSE,0,0,0,0,0,0
sp|P22146|GAS1_YEAST,TDEDDNSSYGVPIKR,,565.9321899,3,12.62521259,TRUE,0.377777778,1,0.597014925,1,1,0.903225806
sp|P22146|GAS1_YEAST,YGAYSFC[PPa]TPK,,604.2762451,2,10.81980945,FALSE,0,0,0,0,0,0
sp|P22146|GAS1_YEAST,PTC[PPa]FSYAGYK,,604.2762451,2,1.272077974,TRUE,1,1,0.307692308,1,1,1
sp|Q03655|GAS3_YEAST,TFDEVSEGLYGGLK,,757.8723145,2,13.24963074,FALSE,0,0,0,0,0,0
sp|Q03655|GAS3_YEAST,LGGYLGESVEDFTK,,757.8723145,2,13.38514703,TRUE,0.659340659,0.416666667,0.338461538,0.16091954,0.466666667,0.066666667
sp|Q03655|GAS3_YEAST,FIKPSSATNSESDNEVFFVK,,749.3707275,3,12.63133575,FALSE,0,0,0,0,0,0
sp|Q03655|GAS3_YEAST,VFFVENDSESNTASSPKIFK,,749.3707275,3,16.25618888,TRUE,1,1,1,0.449438202,1,1
sp|Q03655|GAS3_YEAST,DAYAFQQLGVNTVR,,791.4046021,2,13.21197258,FALSE,0,0,0,0,0,0
sp|Q03655|GAS3_YEAST,VTNVGLQQFAYADR,,791.4046021,2,11.95575404,TRUE,1,0.888888889,1,1,0.11627907,1
sp|Q03655|GAS3_YEAST,SIPVGYSAADNTDLR,,789.8915405,2,11.27059658,FALSE,0,0,0,0,0,0
sp|Q03655|GAS3_YEAST,LDTNDAASYGVPISR,,789.8915405,2,13.22659354,TRUE,1,1,1,1,1,0.022222222
sp|Q03655|GAS3_YEAST,ADPSGTYDSLYLSR,,772.8649902,2,11.82781652,FALSE,0,0,0,0,0,0
sp|Q03655|GAS3_YEAST,SLYLSDYTGSPDAR,,772.8649902,2,1.259539262,TRUE,0.488888889,0.540540541,1,0.555555556,0.733333333,1
sp|Q03655|GAS3_YEAST,NYPNVLGFFSGNEVINDQSDYAK,,864.4064941,3,16.21230965,FALSE,0,0,0,0,0,0
sp|Q03655|GAS3_YEAST,AYDSQDNIVENGSFFGLVNPYNK,,864.4064941,3,16.22422239,TRUE,0.967032967,1,0.656716418,0.295454545,1,1
sp|P53301|CRH1_YEAST,YGSDGLSMTLAK,,621.8053589,2,11.79111211,FALSE,0,0,0,0,0,0
sp|P53301|CRH1_YEAST,ALTMSLGDSGYK,,621.8053589,2,0.529408489,TRUE,0.555555556,1,1,1,0.359550562,1
sp|P53301|CRH1_YEAST,TTWYLDGESVR,,663.8198853,2,12.37446378,FALSE,0,0,0.971428571,0,0,0
sp|P53301|CRH1_YEAST,VSEGDLYWTTR,,663.8198853,2,10.15932761,TRUE,0.466666667,0.117647059,1,0.577777778,1,0.967741935
sp|P53301|CRH1_YEAST,SNFYIMYGK,,561.7680664,2,12.36817404,FALSE,0,0,0,0,0,0
sp|P53301|CRH1_YEAST,GYMIYFNSK,,561.7680664,2,12.27751389,TRUE,0.4,1,0.222222222,0.956521739,1,1
sp|P53301|CRH1_YEAST,VIVTDYSTGKK,,404.2274475,3,8.1455032,FALSE,0,0,0,0,0,0
sp|P53301|CRH1_YEAST,KGTSYDTVIVK,,404.2274475,3,17.22258288,TRUE,1,1,1,0.659340659,1,0.637362637
sp|P53301|CRH1_YEAST,VIVTDYSTGK,,541.7900391,2,9.109676616,FALSE,0,0,1,0,0,0
sp|P53301|CRH1_YEAST,GTSYDTVIVK,,541.7900391,2,12.15315576,TRUE,1,1,1,1,1,0.681318681
sp|P53301|CRH1_YEAST,YTYGDQSGSWESIEADGGSIYGR,,833.362915,3,13.31785422,FALSE,0,0,0.25,0.181818182,1,0
sp|P53301|CRH1_YEAST,GYISGGDAEISEWSGSQDGYTYR,,833.362915,3,13.28089797,TRUE,0.644444444,1,1,0.622222222,0.069767442,1
sp|Q08193|GAS5_YEAST,QIPVGYSAADIVANR,,787.4202881,2,12.73326944,FALSE,0,0,0,0,0,0
sp|Q08193|GAS5_YEAST,NAVIDAASYGVPIQR,,787.4202881,2,11.67854043,TRUE,1,1,1,1,1,1
sp|Q08193|GAS5_YEAST,LYQDYSVPVFLSEFGC[PPa]NQVK,,803.0594482,3,16.29987293,FALSE,0,0,0,0,0,0
sp|Q08193|GAS5_YEAST,VQNC[PPa]GFESLFVPVSYDQYLK,,803.0594482,3,22.84702056,TRUE,0.791208791,1,1,1,0.866666667,1
sp|Q08193|GAS5_YEAST,LTDFENLKNEYSK,,534.2666016,3,11.13880915,FALSE,0,1,0,1,1,1
sp|Q08193|GAS5_YEAST,SYENKLNEFDTLK,,534.2666016,3,11.96658358,TRUE,1,1,1,1,1,1
sp|Q08193|GAS5_YEAST,GNAFFNSESGER,,657.7891235,2,10.10461921,FALSE,0,0,0,0,0,0
sp|Q08193|GAS5_YEAST,EGSESNFFANGR,,657.7891235,2,1.88705208,TRUE,0.511111111,1,1,0.340909091,0.093023256,0.044444444
sp|Q08193|GAS5_YEAST,LLQENGIYLILDVNTPTSAISR,,810.77948,3,16.60549857,FALSE,0,1,1,0,0,0
sp|Q08193|GAS5_YEAST,SIASTPTNVDLILYIGNEQLLR,,810.77948,3,14.41709756,TRUE,1,1,1,1,1,0.2
sp|Q08193|GAS5_YEAST,LTDFENLK,,490.2583923,2,11.02430883,FALSE,0,0.864197531,1,0,0,0
sp|Q08193|GAS5_YEAST,LNEFDTLK,,490.2583923,2,14.53398016,TRUE,1,1,1,1,1,0.311111111
sp|P38248|ECM33_YEAST,VGQSLSIVSNDELSK,,788.414856,2,12.02233644,FALSE,0,0,0,0,0,0
sp|P38248|ECM33_YEAST,SLEDNSVISLSQGVK,,788.414856,2,9.921377438,TRUE,0.088888889,1,0.705882353,1,0.444444444,1
sp|P38248|ECM33_YEAST,VNVFNINNNR,,602.3150635,2,11.56635524,FALSE,0,0,0,0,0,0
sp|P38248|ECM33_YEAST,NNNINFVNVR,,602.3150635,2,13.55920037,TRUE,0.111111111,1,1,0.11627907,1,0.155555556
sp|P38248|ECM33_YEAST,LQSNGAIQGDSFVC[PPa]K,,819.4012451,2,10.76235123,FALSE,0,0,0,0,0,0
sp|P38248|ECM33_YEAST,LC[PPa]VFSDGQIAGNSQK,,819.4012451,2,8.378216256,TRUE,1,0.029411765,1,1,1,0.769230769
sp|P38248|ECM33_YEAST,KLQSNGAIQGDSFVC[PPa]K,,589.3015747,3,10.10238481,FALSE,0,0,0,0,0,0
sp|P38248|ECM33_YEAST,KC[PPa]VFSDGQIAGNSQLK,,589.3015747,3,10.16861586,TRUE,1,0.857142857,0.626865672,1,0.622222222,1
sp|P38248|ECM33_YEAST,GGANFDSSSSNFSC[PPa]NALKK,,668.9741821,3,10.36991955,FALSE,0,0,0,1,0.4,1
sp|P38248|ECM33_YEAST,KLANC[PPa]SFNSSSSDFNAGGK,,668.9741821,3,5.106534884,TRUE,1,1,1,1,1,1
sp|P38248|ECM33_YEAST,KVNVFNINNNR,,666.3625488,2,10.39167873,FALSE,0,1,0,0,0,0
sp|P38248|ECM33_YEAST,NNNINFVNVKR,,666.3625488,2,14.31980288,TRUE,1,1,0.484848485,1,1,1
sp|P28319|CWP1_YEAST,DSEEFGLVSIR,,626.3143921,2,13.61076222,FALSE,0,0,0,0,0,0
sp|P28319|CWP1_YEAST,ISVLGFEESDR,,626.3143921,2,15.48528949,TRUE,0.288888889,1,0.158730159,1,0.204545455,0.177777778
sp|P28319|CWP1_YEAST,SGSDLQYLSVYSDNGTLK,,973.9707031,2,13.41422186,FALSE,0,0,0,0,0,0
sp|P28319|CWP1_YEAST,LTGNDSYVSLYQLDSGSK,,973.9707031,2,13.28327039,TRUE,0.835164835,0.831168831,0.956521739,0.725274725,0.533333333,0.615384615
sp|P28319|CWP1_YEAST,LGSGSGSFEATITDDGK,,821.383728,2,11.39412684,FALSE,0,0,0,0,0,0
sp|P28319|CWP1_YEAST,GDDTITAEFSGSGSGLK,,821.383728,2,15.37630014,TRUE,1,1,1,0.137931034,0.977777778,1
sp|P28319|CWP1_YEAST,SSSGFYAIK,,480.2452698,2,10.50946683,FALSE,0,0,0.126984127,0,0,0
sp|P28319|CWP1_YEAST,IAYFGSSSK,,480.2452698,2,8.352131905,TRUE,0.244444444,1,1,1,1,1
sp|P28319|CWP1_YEAST,LGSGSGSFEATITDDGKLK,,628.3179321,3,12.01925276,FALSE,0,0,0.695652174,0,0,0
sp|P28319|CWP1_YEAST,LKGDDTITAEFSGSGSGLK,,628.3179321,3,5.58303043,TRUE,1,1,1,0.791208791,0.911111111,1
sp|P28319|CWP1_YEAST,[PGQ]-QSDDATGVAIRPTSK,,764.883728,2,9.509679364,FALSE,0,0,1,0,0,0
sp|P28319|CWP1_YEAST,[PGQ]-QSTPRIAVGTADDSK,,764.883728,2,3.293312003,TRUE,1,1,1,0.835164835,0.8,1
sp|P32478|HS150_YEAST,IGSIVANR,,415.2481384,2,8.577549594,FALSE,0,0,0,0,0,0
sp|P32478|HS150_YEAST,NAVISGIR,,415.2481384,2,10.53071137,TRUE,0.222222222,0.309859155,0.393939394,0.404494382,0.295454545,0.373626374
sp|P32478|HS150_YEAST,SGTLEMNLK,,496.7576904,2,10.82327601,FALSE,0,0,0,0,0,0
sp|P32478|HS150_YEAST,LNMELTGSK,,496.7576904,2,10.83078131,TRUE,1,1,1,1,1,1
sp|P32478|HS150_YEAST,TSGTLEM[Oxi]NLK,,555.2789917,2,10.25717693,FALSE,0,0,0,0,0,0
sp|P32478|HS150_YEAST,LNM[Oxi]ELTGSTK,,555.2789917,2,12.65672099,TRUE,1,1,1,0.227272727,0.933333333,0.133333333
sp|P32478|HS150_YEAST,GTLEMNLK,,453.2416687,2,10.82310268,FALSE,0,0,0,0,0,0
sp|P32478|HS150_YEAST,LNMELTGK,,453.2416687,2,10.78131722,TRUE,1,1,1,0.25,1,0.244444444
sp|P32478|HS150_YEAST,QFQFDGPPPQAGAIYAA,,889.4308472,2,14.47659969,FALSE,0,0.173913043,1,0.615384615,0,0
sp|P32478|HS150_YEAST,AYIAGAQPPPGDFQFQA,,889.4308472,2,10.56749193,TRUE,0.703296703,0.675324675,0.811594203,0.681318681,0.577777778,0.659340659
sp|P32478|HS150_YEAST,IGSQC[PPa]TPVHLEAIDLIDC[PPa],,1035.005737,2,10.37053084,FALSE,1,0,1,0,0,0
sp|P32478|HS150_YEAST,DILDIAELHVPTC[PPa]QSGIC[PPa],,1035.005737,2,14.96364114,TRUE,0.747252747,0.727272727,0.753623188,0.747252747,0.666666667,0.527472527
sp|P53334|SCW4_YEAST,WLLEQIQR,,543.3087158,2,13.43076935,FALSE,0,0,0.363636364,0,0,0
sp|P53334|SCW4_YEAST,QIQELLWR,,543.3087158,2,10.86822598,TRUE,1,0.058823529,0.033333333,0.494382022,1,0.222222222
sp|P53334|SCW4_YEAST,SASEVASDLAQLTDFPVIR,,673.6846313,3,16.6313829,FALSE,0,0,0,0,0,0
sp|P53334|SCW4_YEAST,IVPFDTLQALDSAVESASR,,673.6846313,3,12.21952421,TRUE,0.2,1,1,0.516853933,0.488888889,1
sp|P53334|SCW4_YEAST,GITYTPYESSGAC[PPa]K,,774.355957,2,10.06254079,FALSE,0,0,0,0,0,0
sp|P53334|SCW4_YEAST,GC[PPa]AGSSEYPTYTIK,,774.355957,2,15.06904698,TRUE,0.155555556,0.586666667,1,1,0.272727273,0.838709677
sp|P53334|SCW4_YEAST,VFLGIYYVDQIQDGVNTIK,,729.0561523,3,16.36750841,FALSE,0,0,0,0,0,0
sp|P53334|SCW4_YEAST,ITNVGDQIQDVYYIGLFVK,,729.0561523,3,13.46849424,TRUE,1,1,1,1,0.822222222,1
sp|P53334|SCW4_YEAST,LYGTDC[PPa]NQVENVFK,,850.901062,2,12.61775537,FALSE,0,0,0,0,0,0
sp|P53334|SCW4_YEAST,FVNEVQNC[PPa]DTGYLK,,850.901062,2,8.46353324,TRUE,0.857142857,0.361111111,1,1,0.888888889,0.725274725
sp|P53334|SCW4_YEAST,YWGILSNE,,491.2374573,2,14.34268037,FALSE,0,0,0,0,0,0
sp|P53334|SCW4_YEAST,NSLIGWYE,,491.2374573,2,10.6130729,TRUE,1,1,1,1,1,0.395604396
sp|Q03674|PLB2_YEAST,ALSYNFFPSLPDAGSALTWSSLR,,834.0884399,3,17.43229907,FALSE,0,1,1,0,0,0
sp|Q03674|PLB2_YEAST,LSSWTLASGADPLSPFFNYSLAR,,834.0884399,3,8.31982629,TRUE,0.177777778,0.913580247,1,1,1,1
sp|Q03674|PLB2_YEAST,WESIVQEVQAK,,658.8458862,2,12.64853973,FALSE,0,0,1,0,0,0
sp|Q03674|PLB2_YEAST,AQVEQVISEWK,,658.8458862,2,12.95846791,TRUE,1,0.962962963,0.276923077,1,1,1
sp|Q03674|PLB2_YEAST,YVNNLSQDDDDIAIYAANPFK,,796.0447388,3,14.88040236,FALSE,0,0.605263158,1,0,0,0
sp|Q03674|PLB2_YEAST,FPNAAYIAIDDDDQSLNNVYK,,796.0447388,3,14.82877149,TRUE,1,1,1,1,1,1
sp|Q03674|PLB2_YEAST,NGEMPLPITVADGR,,735.3745117,2,13.47209939,FALSE,0,0,1,0,0,0
sp|Q03674|PLB2_YEAST,GDAVTIPLPMEGNR,,735.3745117,2,16.36580804,TRUE,1,1,1,1,1,1
sp|Q03674|PLB2_YEAST,IGIAC[PPa]SGGGYR,,562.77948,2,9.50445632,FALSE,0,0.886075949,0,0,0,0
sp|Q03674|PLB2_YEAST,YGGGSC[PPa]AIGIR,,562.77948,2,12.09537992,TRUE,1,1,1,1,1,1
sp|Q03674|PLB2_YEAST,MINSFANK,,462.7340088,2,12.23745689,FALSE,1,0,1,0.913043478,0,0
sp|Q03674|PLB2_YEAST,NAFSNIMK,,462.7340088,2,8.272463037,TRUE,1,1,1,0.901098901,0.755555556,1
sp|Q12355|PST1_YEAST,LITLPAISSFTSNIK,,802.9665527,2,16.21297773,FALSE,0,0,0.246153846,0,0,0
sp|Q12355|PST1_YEAST,INSTFSSIAPLTILK,,802.9665527,2,12.00709865,TRUE,0.022222222,1,1,0.024096386,0.337078652,1
sp|Q12355|PST1_YEAST,LNTIGQTFSIVSNDYLK,,638.3386841,3,15.46444879,FALSE,0,0.875,1,0,0,0
sp|Q12355|PST1_YEAST,LYDNSVISFTQGITNLK,,638.3386841,3,11.21591536,TRUE,1,1,1,1,1,1
sp|Q12355|PST1_YEAST,SANNIYISDTSLQSVDGFSALKK,,820.086853,3,13.90385904,FALSE,0,1,1,0,0.023529412,0
sp|Q12355|PST1_YEAST,KLASFGDVSQLSTDSIYINNASK,,820.086853,3,7.48802948,TRUE,1,1,1,1,1,1
sp|Q12355|PST1_YEAST,ITLPAISSFTSNIK,,746.4244995,2,15.28670945,FALSE,0,0,0,0.070588235,0,1
sp|Q12355|PST1_YEAST,INSTFSSIAPLTIK,,746.4244995,2,16.303756,TRUE,0.066666667,0.438356164,0.129032258,1,0.159090909,0.111111111
sp|Q12355|PST1_YEAST,SANNIYISDTSLQSVDGFSALK,,777.3885498,3,14.78003845,FALSE,0,1,1,0,1,0
sp|Q12355|PST1_YEAST,LASFGDVSQLSTDSIYINNASK,,777.3885498,3,14.3385907,TRUE,1,1,1,0.072289157,1,1
sp|O13547|CCW14_YEAST,TPPAC[PPa]LLAC[PPa]VAQVGK,,806.9310913,2,14.40533541,FALSE,0,0,0,0,0,0
sp|O13547|CCW14_YEAST,GVQAVC[PPa]ALLC[PPa]APPTK,,806.9310913,2,14.21917396,TRUE,1,0.567567568,0.066666667,1,0.227272727,0.288888889
sp|O13547|CCW14_YEAST,C[PPa]LDSIC[PPa]PNNDADAAYSAFK,,1080.47229,2,12.97531258,FALSE,0,1,0,0,0,0
sp|O13547|CCW14_YEAST,FASYAADADNNPC[PPa]ISDLC[PPa]K,,1080.47229,2,15.44333578,TRUE,1,0.338028169,1,0.934782609,1,0.355555556
sp|O13547|CCW14_YEAST,C[PPa]LDSIC[PPa]PNN[Dea]DADAAYSAFK,,1080.964233,2,10.68293729,FALSE,0.989247312,1,1,0.093023256,1,0
sp|O13547|CCW14_YEAST,FASYAADADN[Dea]NPC[PPa]ISDLC[PPa]K,,1080.964233,2,16.83510649,TRUE,0.444444444,1,0.454545455,0.386363636,0.404494382,0.88172043
sp|O13547|CCW14_YEAST,SSSTC[PPa]DSLNQVTC[PPa]YC[PPa]EHENSAVKK,,712.3151855,4,10.22241094,FALSE,0,0,0,0,0,0
sp|O13547|CCW14_YEAST,KVASNEHEC[PPa]YC[PPa]TVQNLSDC[PPa]TSSSK,,712.3151855,4,16.21057965,TRUE,0.769230769,0.649350649,0.985507246,0.857142857,0.6,0.571428571
sp|O13547|CCW14_YEAST,TPPAC[PPa]LLAC[PPa]VAQ[Dea]VGK,,807.4230957,2,14.39260347,FALSE,0,0,0,0,0,0
sp|O13547|CCW14_YEAST,GVQ[Dea]AVC[PPa]ALLC[PPa]APPTK,,807.4230957,2,12.36065316,TRUE,1,1,0.869565217,1,1,1
sp|O13547|CCW14_YEAST,KC[PPa]LDSIC[PPa]PNNDADAAYSAFK,,763.348938,3,12.13289047,FALSE,0,0,0,0,0,0
sp|O13547|CCW14_YEAST,FASYAADADNNPC[PPa]ISDLC[PPa]KK,,763.348938,3,9.226537679,TRUE,1,1,0.424242424,1,1,1
sp|Q04951|SCW10_YEAST,STAQVASDLEQLTGFDNIR,,689.0114136,3,15.70777842,FALSE,0,0,1,0,0,0
sp|Q04951|SCW10_YEAST,INDFGTLQELDSAVQATSR,,689.0114136,3,13.35916195,TRUE,1,0.465753425,1,1,1,0.43956044
sp|Q04951|SCW10_YEAST,IQDAVDTIK,,501.776947,2,9.331826554,FALSE,0,0,0,0,0,0
sp|Q04951|SCW10_YEAST,ITDVADQIK,,501.776947,2,14.11870168,TRUE,1,0.493150685,1,1,1,0.266666667
sp|Q04951|SCW10_YEAST,LYGVDC[PPa]SQVENVLQAK,,918.9616699,2,10.55474565,FALSE,0,0,1,0,0,0
sp|Q04951|SCW10_YEAST,AQLVNEVQSC[PPa]DVGYLK,,918.9616699,2,8.246825882,TRUE,0.681318681,0.779220779,0.927536232,0.813186813,0.644444444,0.505494505
sp|Q04951|SCW10_YEAST,LFLGIYYVDK,,615.8421021,2,14.93695859,FALSE,0,0.56,1,0,0,0
sp|Q04951|SCW10_YEAST,DVYYIGLFLK,,615.8421021,2,15.2498439,TRUE,1,0.225352113,1,1,0.382022472,1
sp|P47001|CIS3_YEAST,SGTLELTLK,,481.2818604,2,12.16433583,FALSE,0,0.623376623,1,0,0.292134831,0
sp|P47001|CIS3_YEAST,LTLELTGSK,,481.2818604,2,10.81788726,TRUE,0.311111111,0.176470588,0.19047619,0.094117647,0.046511628,0.795698925
sp|P47001|CIS3_YEAST,NSGTLELTLKDGVLTDAK,,625.6738281,3,13.29314542,FALSE,0,0,0,0,0,0
sp|P47001|CIS3_YEAST,ADTLVGDKLTLELTGSNK,,625.6738281,3,20.91617813,TRUE,0.945054945,1,1,0.637362637,0.511111111,1
sp|P47001|CIS3_YEAST,N[Dea]SGTLELTLK,,538.7953491,2,12.11634629,FALSE,0,0,0,0,0,0
sp|P47001|CIS3_YEAST,LTLELTGSN[Dea]K,,538.7953491,2,14.40514613,TRUE,1,1,1,1,1,0.461538462
sp|P47001|CIS3_YEAST,GTLELTLK,,437.7658386,2,12.1974562,FALSE,0,0,0,0,0,1
sp|P47001|CIS3_YEAST,LTLELTGK,,437.7658386,2,12.28344442,TRUE,0.725274725,0.701298701,0.782608696,0.769230769,0.688888889,0.549450549
sp|P47001|CIS3_YEAST,DGVLTDAK,,409.7163391,2,10.167046,FALSE,1,1,1,1,1,1
sp|P47001|CIS3_YEAST,ADTLVGDK,,409.7163391,2,11.66449537,TRUE,1,1,1,1,1,1
sp|P38288|TOS1_YEAST,EGIPAYHGFGGADK,,473.5614929,3,10.57822572,FALSE,0,0,0,0,0,0
sp|P38288|TOS1_YEAST,DAGGFGHYAPIGEK,,473.5614929,3,10.27716466,TRUE,0.133333333,0.388888889,1,1,0.25,1
sp|P38288|TOS1_YEAST,AAVIFNSSDK,,526.2745361,2,9.896413601,FALSE,0,0.410958904,0.647058824,0,0,0
sp|P38288|TOS1_YEAST,DSSNFIVAAK,,526.2745361,2,12.29515212,TRUE,0.422222222,1,1,1,1,0.946236559
sp|P38288|TOS1_YEAST,[PGE]-EMDLFEILTAGSDK,,775.8739624,2,18.73535215,FALSE,0,1,1,1,1,0
sp|P38288|TOS1_YEAST,[PGE]-EDSGATLIEFLDMK,,775.8739624,2,13.58385232,TRUE,0.355555556,0.147058824,0.096774194,1,1,1
sp|P53379|MKC7_YEAST,YAGDLYTIPIINTLQHR,,663.3581543,3,15.36898184,FALSE,0,1,0,0,0,0
sp|P53379|MKC7_YEAST,HQLTNIIPITYLDGAYR,,663.3581543,3,16.12111552,TRUE,1,1,1,1,1,1
sp|P53379|MKC7_YEAST,IPVLLDSGTTISYMPTELVK,,726.3973389,3,16.20804431,FALSE,0,0.197183099,1,0,1,0.774193548
sp|P53379|MKC7_YEAST,VLETPMYSITTGSDLLVPIK,,726.3973389,3,16.38137869,TRUE,0.6,0.253521127,1,0.6,1,1
sp|P53379|MKC7_YEAST,SYTYNNFPMVLK,,738.8632202,2,14.05036756,FALSE,0,0,0,0,0,0
sp|P53379|MKC7_YEAST,LVMPFNNYTYSK,,738.8632202,2,15.23268427,TRUE,1,1,1,0.204545455,1,1
sp|P52911|EXG2_YEAST,ILYGDLGWLR,,603.3375244,2,15.12419967,FALSE,0,1,0,0,0,0
sp|P52911|EXG2_YEAST,LWGLDGYLIR,,603.3375244,2,13.47584859,TRUE,1,0.883116883,1,1,1,0.483516484
sp|P52911|EXG2_YEAST,ELTLAIWR,,501.292572,2,14.67860712,FALSE,0.637362637,0,1,0,0,0
sp|P52911|EXG2_YEAST,WIALTLER,,501.292572,2,10.40020005,TRUE,1,0.909090909,0.253968254,1,0.181818182,1
sp|P47033|PRY3_YEAST,[PGQ]-QTTFPNFESDVLNEHNK,,1001.960693,2,14.16446803,FALSE,0,0,0,0,0,0
sp|P47033|PRY3_YEAST,[PGQ]-QNHENLVDSEFNPFTTK,,1001.960693,2,10.61375175,TRUE,0.813186813,0.753246753,0.724637681,0.703296703,0.555555556,0.593406593
sp|P47033|PRY3_YEAST,STAEIGC[PPa]GYK,,550.2580566,2,8.189787819,FALSE,0,0.2,0,0,0,0
sp|P47033|PRY3_YEAST,YGC[PPa]GIEATSK,,550.2580566,2,8.174121852,TRUE,0.923076923,0.088235294,1,1,0.139534884,1
sp|P47033|PRY3_YEAST,[PGQ]-QTTFPNFESDVLNEHNKFR,,769.3660889,3,14.39879726,FALSE,1,0.897435897,0,0,0,1
sp|P47033|PRY3_YEAST,[PGQ]-QFKNHENLVDSEFNPFTTR,,769.3660889,3,16.41368757,TRUE,1,1,1,1,1,1
sp|P32623|CRH2_YEAST,YSFSHDSC[PPa]MPVPIC[PPa]K,,619.2774048,3,12.13030055,FALSE,0,0,0,0,0,0
sp|P32623|CRH2_YEAST,YC[PPa]IPVPMC[PPa]SDHSFSK,,619.2774048,3,11.54958059,TRUE,1,1,1,0.879120879,1,1
sp|P32623|CRH2_YEAST,YQYPQTPSK,,556.2745361,2,8.092303709,FALSE,0,1,0.47761194,0,0,0
sp|P32623|CRH2_YEAST,SPTQPYQYK,,556.2745361,2,10.6054627,TRUE,0.879120879,1,1,1,0.777777778,0.703296703
sp|P32623|CRH2_YEAST,NSGGTVLSSTR,,539.7780151,2,12.09482871,FALSE,1,1,1,1,1,1
sp|P32623|CRH2_YEAST,TSSLVTGGSNR,,539.7780151,2,4.771087245,TRUE,1,1,1,1,1,0.860215054
sp|P46992|YJR1_YEAST,NSSSIGYYDLPAIWLLNDHIAR,,840.0957031,3,16.93386026,FALSE,0,1,1,1,1,1
sp|P46992|YJR1_YEAST,AIHDNLLWIAPLDYYGISSSNR,,840.0957031,3,15.35325691,TRUE,1,0.613333333,0.676470588,1,1,0.088888889
sp|P46992|YJR1_YEAST,NAPLADYLSVHFR,,501.5965271,3,14.23313351,FALSE,0,0.486486486,0,0,0,0
sp|P46992|YJR1_YEAST,FHVSLYDALPANR,,501.5965271,3,8.224829314,TRUE,0.333333333,0.987654321,1,0.183908046,1,1
sp|P46992|YJR1_YEAST,N[Dea]APLADYLSVHFR,,501.92453,3,14.22957683,FALSE,0,0,0,0,0,0
sp|P46992|YJR1_YEAST,FHVSLYDALPAN[Dea]R,,501.92453,3,16.64339428,TRUE,0.266666667,0.938271605,1,1,1,1
sp|Q06325|YPS7_YEAST,LLLGGVDPSLFTGTLGK,,844.4851074,2,16.44501248,FALSE,0,0,1,0,0.136363636,0
sp|Q06325|YPS7_YEAST,GLTGTFLSPDVGGLLLK,,844.4851074,2,15.30272959,TRUE,1,1,1,0.923076923,1,1
sp|Q06325|YPS7_YEAST,TSGLLGLSGK,,466.7742004,2,11.48105174,FALSE,1,0.333333333,0,1,0,0
sp|Q06325|YPS7_YEAST,GSLGLLGSTK,,466.7742004,2,10.59808108,TRUE,1,0.513513514,0.507462687,1,1,1
sp|P15703|BGL2_YEAST,IGELAFNLGVK,,580.8373413,2,14.21619632,FALSE,0,0,0.06557377,0,0,1
sp|P15703|BGL2_YEAST,VGLNFALEGIK,,580.8373413,2,13.80764659,TRUE,0.533333333,0.805194805,1,0.539325843,0.711111111,0.417582418
sp|P15703|BGL2_YEAST,ESTVAGFLVGSEALYR,,849.9384766,2,22.82080418,FALSE,1,1,1,1,1,0
sp|P15703|BGL2_YEAST,YLAESGVLFGAVTSER,,849.9384766,2,14.05574763,TRUE,1,1,1,0.471910112,0.955555556,1
sp|P12630|BAR1_YEAST,YATTPVSGVLGIGFPR,,817.9486694,2,15.23265725,FALSE,0,1,1,1,1,0
sp|P12630|BAR1_YEAST,PFGIGLVGSVPTTAYR,,817.9486694,2,14.25506445,TRUE,1,1,1,1,1,0.924731183
sp|P12630|BAR1_YEAST,YPVLLDSGTSLLNAPK,,844.4669189,2,14.71947595,FALSE,1,0,0,0.071428571,1,0.351648352
sp|P12630|BAR1_YEAST,PANLLSTGSDLLVPYK,,844.4669189,2,14.18446883,TRUE,0.989010989,0.281690141,0.369230769,0.363636364,1,1
sp|Q03178|PIR1_YEAST,SSGTLEMNLK,,540.2736816,2,10.90170663,FALSE,0,0,0,0,0,0
sp|Q03178|PIR1_YEAST,LNMELTGSSK,,540.2736816,2,10.87512673,TRUE,1,1,1,0.048192771,0.023809524,0.747252747
sp|Q03178|PIR1_YEAST,SSGTLEM[Oxi]NLK,,548.2711792,2,10.30079798,FALSE,0,1,1,0.382022472,0,0
sp|Q03178|PIR1_YEAST,LNM[Oxi]ELTGSSK,,548.2711792,2,14.40207844,TRUE,0.044444444,1,1,1,1,0.817204301
sp|Q03178|PIR1_YEAST,AVHLQAIDLLNC[PPa],,690.8688354,2,14.44094833,FALSE,0,0,1,0.533333333,0,0
sp|Q03178|PIR1_YEAST,NLLDIAQLHVAC[PPa],,690.8688354,2,19.94638295,TRUE,0.577777778,1,0.567164179,0.426966292,0.422222222,0.989247312
sp|P36135|UTH1_YEAST,SNTDTNSLC[PPa]VEGQGSAQAVNK,,1097.505615,2,13.16542891,FALSE,1,1,1,1,0.137931034,0.782608696
sp|P36135|UTH1_YEAST,NVAQASGQGEVC[PPa]LSNTDTNSK,,1097.505615,2,10.65157052,TRUE,0.901098901,1,1,0.97826087,0.844444444,0.791208791
sp|P32329|YPS1_YEAST,YDNFPIVLK,,554.805481,2,10.70692389,FALSE,1,1,1,0.114942529,0.023255814,0
sp|P32329|YPS1_YEAST,LVIPFNDYK,,554.805481,2,12.46059929,TRUE,1,1,0.84057971,0.318181818,1,1
