Protein,Peptide,Precursor MZ,Precursor Charge,RT,Fragment MZ,Fragment Charge,Ion Type,Residue,dalg3_1,dalg3_2,dalg3_3,wt_1,wt_2,wt_3
sp|P22146|GAS1_YEAST,DDVPAIEVVGNK,628.3300781,2,11.84347284,926.5305786,1,y,9,1165073.632,326210.1189,165312.7366,561472.8559,315951.4658,483260.6043
sp|P22146|GAS1_YEAST,DDVPAIEVVGNK,628.3300781,2,11.84347284,829.4777832,1,y,8,370505.3502,61969.77254,30552.63939,170127.3019,66944.4201,90555.62994
sp|P22146|GAS1_YEAST,DDVPAIEVVGNK,628.3300781,2,11.84347284,758.4406738,1,y,7,387072.2431,66180.53698,54009.53776,154808.9497,71329.34694,108441.5165
sp|P22146|GAS1_YEAST,DDVPAIEVVGNK,628.3300781,2,11.84347284,1025.598999,1,y,10,,,,,,
sp|P22146|GAS1_YEAST,DDVPAIEVVGNK,628.3300781,2,11.84347284,839.4145508,1,b,8,,,,,,
sp|P22146|GAS1_YEAST,DDVPAIEVVGNK,628.3300781,2,11.84347284,740.3461304,1,b,7,,,,,,
sp|P22146|GAS1_YEAST,DDPTWTVDLFNSYK,850.8937378,2,15.54926599,1086.546631,1,y,9,427630.538,24042.2465,17667.05925,107346.6144,33458.52427,89940.40839
sp|P22146|GAS1_YEAST,DDPTWTVDLFNSYK,850.8937378,2,15.54926599,886.430481,1,y,7,295792.5888,11204.11846,9461.917955,55985.92691,16685.5584,46976.9536
sp|P22146|GAS1_YEAST,DDPTWTVDLFNSYK,850.8937378,2,15.54926599,985.4989014,1,y,8,238358.1526,10669.88552,7855.702148,53306.71918,14349.43832,41388.51681
sp|P22146|GAS1_YEAST,DDPTWTVDLFNSYK,850.8937378,2,15.54926599,1272.625854,1,y,10,200318.6182,8846.028457,8045.712793,50738.55895,14677.01257,35317.77722
sp|P22146|GAS1_YEAST,DDPTWTVDLFNSYK,850.8937378,2,15.54926599,1373.673584,1,y,11,74142.8545,2694.784437,3135.806497,15946.29886,3726.340573,11605.26989
sp|P22146|GAS1_YEAST,DDPTWTVDLFNSYK,850.8937378,2,15.54926599,1043.468018,1,b,9,,,,,,
sp|P22146|GAS1_YEAST,ALNDADIYVIADLAAPATSINR,763.0691528,3,16.43697786,900.4897461,1,y,9,320419.6078,223.7260619,2179.521444,10210.46954,1145.798375,20535.66469
sp|P22146|GAS1_YEAST,ALNDADIYVIADLAAPATSINR,763.0691528,3,16.43697786,829.4526367,1,y,8,373688.7602,101.2900781,3035.440418,13495.09658,2116.474036,24039.59973
sp|P22146|GAS1_YEAST,ALNDADIYVIADLAAPATSINR,763.0691528,3,16.43697786,975.4782104,1,b,9,191755.6157,,1872.451158,6531.967584,815.9537596,11899.256
sp|P22146|GAS1_YEAST,ALNDADIYVIADLAAPATSINR,763.0691528,3,16.43697786,1274.626343,1,b,12,111994.687,,711.4187628,3546.455345,510.2206861,8273.273772
sp|P22146|GAS1_YEAST,ALNDADIYVIADLAAPATSINR,763.0691528,3,16.43697786,876.40979,1,b,8,113241.0916,106.2153925,502.3891428,4096.775694,277.0305372,6961.676404
sp|P22146|GAS1_YEAST,ALNDADIYVIADLAAPATSINR,763.0691528,3,16.43697786,1128.600708,1,y,11,76401.42248,,446.5215194,1937.004106,460.6538849,3797.412872
sp|P22146|GAS1_YEAST,KIPVGYSSNDDEDTRVK,481.4918213,4,8.431591239,503.3300171,1,y,4,158988.8465,39001.26714,160191.7556,63390.58584,19350.8025,16093.6847
sp|P22146|GAS1_YEAST,KIPVGYSSNDDEDTRVK,481.4918213,4,8.431591239,633.2838745,2,y,11,316553.3066,81888.55354,264739.6595,130965.7756,42805.46468,37085.82024
sp|P22146|GAS1_YEAST,KIPVGYSSNDDEDTRVK,481.4918213,4,8.431591239,747.3995361,1,y,6,60603.99641,13007.16509,46376.866,23159.28786,6948.194822,5625.185992
sp|P22146|GAS1_YEAST,KIPVGYSSNDDEDTRVK,481.4918213,4,8.431591239,589.7678223,2,y,10,181669.218,41514.82977,147623.2837,66201.2953,22453.57846,17437.65927
sp|P22146|GAS1_YEAST,KIPVGYSSNDDEDTRVK,481.4918213,4,8.431591239,618.3569336,1,y,5,66696.65111,13163.40982,56683.66386,27534.23202,6532.795211,5241.330223
sp|P22146|GAS1_YEAST,KIPVGYSSNDDEDTRVK,481.4918213,4,8.431591239,862.4265137,1,y,7,66805.36478,14627.95879,59301.86794,28480.33675,7918.478855,6694.57837
sp|P22146|GAS1_YEAST,KIPVGYSSNDDEDTR,565.9321899,3,8.363537287,635.2631226,1,y,5,182606.5221,29864.80771,12177.42954,85955.35877,28005.87332,37367.4875
sp|P22146|GAS1_YEAST,KIPVGYSSNDDEDTR,565.9321899,3,8.363537287,750.2900391,1,y,6,174077.6349,28933.0987,11829.57829,69464.99278,20581.99769,37675.93503
sp|P22146|GAS1_YEAST,KIPVGYSSNDDEDTR,565.9321899,3,8.363537287,864.3330078,1,y,7,118768.6754,18546.06648,6830.952428,54689.4496,13870.72945,22154.19214
sp|P22146|GAS1_YEAST,KIPVGYSSNDDEDTR,565.9321899,3,8.363537287,951.3649902,1,y,8,66048.45145,12313.13224,3530.414045,32173.14648,8269.28372,15011.00581
sp|P22146|GAS1_YEAST,KIPVGYSSNDDEDTR,565.9321899,3,8.363537287,658.3922729,1,b,6,120595.6327,18448.51436,4764.178392,56201.56815,19534.57455,32734.25934
sp|P22146|GAS1_YEAST,KIPVGYSSNDDEDTR,565.9321899,3,8.363537287,727.8051147,2,y,13,92537.05547,15042.09074,5412.50687,42557.81113,13020.03311,23093.11776
sp|P22146|GAS1_YEAST,YGAYSFC[PPa]TPK,604.2762451,2,10.81980945,753.3599854,1,y,6,317304.5241,100794.1238,93319.94784,117233.4402,80629.14691,120174.358
sp|P22146|GAS1_YEAST,YGAYSFC[PPa]TPK,604.2762451,2,10.81980945,916.4233398,1,y,7,212159.0601,61980.52982,60058.19693,80282.93192,64962.03962,81847.45997
sp|P22146|GAS1_YEAST,YGAYSFC[PPa]TPK,604.2762451,2,10.81980945,1044.481934,1,y,9,164641.2714,39291.08354,47251.43004,52095.8772,40418.23749,54791.33471
sp|P22146|GAS1_YEAST,YGAYSFC[PPa]TPK,604.2762451,2,10.81980945,666.3279419,1,y,5,116039.7395,32932.94572,33208.04727,41155.93602,31682.77097,45062.19461
sp|P22146|GAS1_YEAST,YGAYSFC[PPa]TPK,604.2762451,2,10.81980945,987.4604492,1,y,8,108573.732,30389.99807,31616.46654,37836.177,27176.24594,40869.41889
sp|P22146|GAS1_YEAST,YGAYSFC[PPa]TPK,604.2762451,2,10.81980945,292.1291809,1,b,3,225585.9798,62311.54416,68984.85916,74787.46358,55757.36724,83762.04705
sp|Q03655|GAS3_YEAST,TFDEVSEGLYGGLK,757.8723145,2,13.24963074,923.4832764,1,y,9,497612.0726,73987.58123,86288.13016,357248.3138,122051.5966,209269.8074
sp|Q03655|GAS3_YEAST,TFDEVSEGLYGGLK,757.8723145,2,13.24963074,1266.621216,1,y,12,245108.2109,37578.37048,39673.46922,180665.6531,57561.36783,100087.123
sp|Q03655|GAS3_YEAST,TFDEVSEGLYGGLK,757.8723145,2,13.24963074,1022.551697,1,y,10,165944.6203,24369.69323,30147.55456,128687.6764,39946.32737,70749.10181
sp|Q03655|GAS3_YEAST,TFDEVSEGLYGGLK,757.8723145,2,13.24963074,836.4512329,1,y,8,98870.29904,13211.31388,19172.37324,73542.74031,21348.82054,39620.01312
sp|Q03655|GAS3_YEAST,TFDEVSEGLYGGLK,757.8723145,2,13.24963074,1151.594238,1,y,11,72063.35215,12886.79632,12472.27833,54880.7935,20193.3502,29682.46641
sp|Q03655|GAS3_YEAST,TFDEVSEGLYGGLK,757.8723145,2,13.24963074,808.3359375,1,b,7,,,,,,
sp|Q03655|GAS3_YEAST,FIKPSSATNSESDNEVFFVK,749.3707275,3,12.63133575,1084.531006,1,y,9,225140.9066,18788.92928,65344.65126,191980.4616,41732.48777,106397.3189
sp|Q03655|GAS3_YEAST,FIKPSSATNSESDNEVFFVK,749.3707275,3,12.63133575,997.4989014,1,y,8,81026.50336,6924.895697,25153.44187,63850.94003,12878.452,33766.89078
sp|Q03655|GAS3_YEAST,FIKPSSATNSESDNEVFFVK,749.3707275,3,12.63133575,882.4719849,1,y,7,72715.41333,5391.292536,17034.62148,48964.10191,10136.09384,26666.14958
sp|Q03655|GAS3_YEAST,FIKPSSATNSESDNEVFFVK,749.3707275,3,12.63133575,832.4563599,1,b,8,65594.63864,4023.551039,23116.87514,60420.23759,9657.726694,24427.33996
sp|Q03655|GAS3_YEAST,FIKPSSATNSESDNEVFFVK,749.3707275,3,12.63133575,1213.573486,1,y,10,63627.61318,4279.402568,16282.46726,47055.29749,9486.602215,29024.73421
sp|Q03655|GAS3_YEAST,FIKPSSATNSESDNEVFFVK,749.3707275,3,12.63133575,1300.605591,1,y,11,55811.69265,3902.663617,13885.02944,41030.90912,9071.128875,23328.23156
sp|Q03655|GAS3_YEAST,DAYAFQQLGVNTVR,791.4046021,2,13.21197258,1014.569092,1,y,9,185988.7962,18848.8418,40251.23431,135139.3393,27199.39458,63644.73479
sp|Q03655|GAS3_YEAST,DAYAFQQLGVNTVR,791.4046021,2,13.21197258,886.510498,1,y,8,188858.5782,18449.70858,38647.19341,133356.9549,25379.5207,60290.25616
sp|Q03655|GAS3_YEAST,DAYAFQQLGVNTVR,791.4046021,2,13.21197258,1161.637451,1,y,10,164776.2118,14368.82118,30031.48265,112276.7447,22915.21032,51832.9261
sp|Q03655|GAS3_YEAST,DAYAFQQLGVNTVR,791.4046021,2,13.21197258,1232.674561,1,y,11,90966.55014,8026.687269,17561.31087,57849.99617,12768.69304,27538.30098
sp|Q03655|GAS3_YEAST,DAYAFQQLGVNTVR,791.4046021,2,13.21197258,937.4414063,1,b,8,56879.4928,3530.287701,10398.34219,34416.86635,6924.490431,13843.63661
sp|Q03655|GAS3_YEAST,DAYAFQQLGVNTVR,791.4046021,2,13.21197258,824.3573608,1,b,7,32260.43204,3790.249808,8646.018505,25388.85868,6200.377973,10379.13818
sp|Q03655|GAS3_YEAST,SIPVGYSAADNTDLR,789.8915405,2,11.27059658,1182.538574,1,y,11,368076.5083,71368.64288,98449.8879,239643.9408,120295.4974,193248.3699
sp|Q03655|GAS3_YEAST,SIPVGYSAADNTDLR,789.8915405,2,11.27059658,962.4537354,1,y,9,272658.0238,50332.22436,67630.88765,179528.9299,79754.3332,139956.0779
sp|Q03655|GAS3_YEAST,SIPVGYSAADNTDLR,789.8915405,2,11.27059658,875.4217529,1,y,8,147066.5015,28694.10042,43737.17581,106016.5597,45076.28875,70734.7155
sp|Q03655|GAS3_YEAST,SIPVGYSAADNTDLR,789.8915405,2,11.27059658,804.3846436,1,y,7,121435.2196,23254.36615,25667.8395,83197.70158,36773.52214,60456.78987
sp|Q03655|GAS3_YEAST,SIPVGYSAADNTDLR,789.8915405,2,11.27059658,1125.51709,1,y,10,91435.26655,16554.55485,22504.16689,60006.86737,24922.30152,49821.0979
sp|Q03655|GAS3_YEAST,SIPVGYSAADNTDLR,789.8915405,2,11.27059658,1378.65979,1,y,13,97377.62568,20429.98433,24248.15094,61386.58675,29722.96087,50766.07371
sp|Q03655|GAS3_YEAST,ADPSGTYDSLYLSR,772.8649902,2,11.82781652,1261.605957,1,y,11,150508.6938,24128.64152,30427.82198,102352.4991,40972.15724,73750.87694
sp|Q03655|GAS3_YEAST,ADPSGTYDSLYLSR,772.8649902,2,11.82781652,1016.504761,1,y,8,174908.3251,30918.81824,34946.19087,112546.8198,50080.89956,81936.89592
sp|Q03655|GAS3_YEAST,ADPSGTYDSLYLSR,772.8649902,2,11.82781652,1174.573853,1,y,10,170860.4623,30037.69277,40524.87711,114726.9579,51386.86588,82299.66905
sp|Q03655|GAS3_YEAST,ADPSGTYDSLYLSR,772.8649902,2,11.82781652,853.4414063,1,y,7,137585.0295,23821.55799,27202.3135,83033.97466,40692.83404,66482.82372
sp|Q03655|GAS3_YEAST,ADPSGTYDSLYLSR,772.8649902,2,11.82781652,1117.552368,1,y,9,67515.52153,13618.51683,15988.72617,42770.75025,22269.20958,32151.39748
sp|Q03655|GAS3_YEAST,ADPSGTYDSLYLSR,772.8649902,2,11.82781652,1358.658691,1,y,12,40280.62354,6898.723966,7479.770862,26699.42508,13429.31484,19268.22067
sp|Q03655|GAS3_YEAST,NYPNVLGFFSGNEVINDQSDYAK,864.4064941,3,16.21230965,940.4006958,1,y,8,176680.3912,1773.819592,5808.256037,25788.07519,5614.815418,29732.57679
sp|Q03655|GAS3_YEAST,NYPNVLGFFSGNEVINDQSDYAK,864.4064941,3,16.21230965,1053.484741,1,y,9,157878.2911,758.7565178,5723.411458,22988.92569,5884.340945,28291.80189
sp|Q03655|GAS3_YEAST,NYPNVLGFFSGNEVINDQSDYAK,864.4064941,3,16.21230965,1152.553101,1,y,10,50216.69137,431.8644167,1655.743677,8112.558342,1074.023351,8479.901085
sp|Q03655|GAS3_YEAST,NYPNVLGFFSGNEVINDQSDYAK,864.4064941,3,16.21230965,905.4515991,1,b,8,40595.78325,293.6945196,920.4750292,4328.672344,1418.710657,6331.809804
sp|Q03655|GAS3_YEAST,NYPNVLGFFSGNEVINDQSDYAK,864.4064941,3,16.21230965,1157.552979,2,y,21,16956.56522,,534.1479186,2102.760656,795.6403575,3343.888907
sp|Q03655|GAS3_YEAST,NYPNVLGFFSGNEVINDQSDYAK,864.4064941,3,16.21230965,1538.727417,1,b,14,13876.88557,160.3978479,697.0713138,1848.098876,554.8387654,2035.739158
sp|P53301|CRH1_YEAST,YGSDGLSMTLAK,621.8053589,2,11.79111211,650.354187,1,y,6,155983.1306,31854.8237,8363.910412,104691.8785,74927.30457,118635.194
sp|P53301|CRH1_YEAST,YGSDGLSMTLAK,621.8053589,2,11.79111211,820.4597168,1,y,8,98966.52498,21890.11312,8513.662021,68891.11661,45615.06655,75235.17678
sp|P53301|CRH1_YEAST,YGSDGLSMTLAK,621.8053589,2,11.79111211,1079.540161,1,y,11,100117.9906,21793.30234,7244.196712,71254.0365,53054.53276,81222.43314
sp|P53301|CRH1_YEAST,YGSDGLSMTLAK,621.8053589,2,11.79111211,1022.518677,1,y,10,80959.84166,18384.0456,8839.596958,57987.36104,42650.14903,63111.87482
sp|P53301|CRH1_YEAST,YGSDGLSMTLAK,621.8053589,2,11.79111211,935.4866333,1,y,9,67598.22874,11531.76852,6267.226364,42082.30641,27819.87609,53352.93934
sp|P53301|CRH1_YEAST,YGSDGLSMTLAK,621.8053589,2,11.79111211,763.4382324,1,y,7,39642.15259,9957.969017,4291.381298,28639.49153,15010.07737,24863.74882
sp|P53301|CRH1_YEAST,TTWYLDGESVR,663.8198853,2,12.37446378,775.3944702,1,y,7,254837.6176,47109.53017,6981.479571,182085.4503,93006.7898,163530.1226
sp|P53301|CRH1_YEAST,TTWYLDGESVR,663.8198853,2,12.37446378,938.4577637,1,y,8,244629.8015,48719.96193,10289.27637,164288.7916,93412.95828,159909.0172
sp|P53301|CRH1_YEAST,TTWYLDGESVR,663.8198853,2,12.37446378,1124.537109,1,y,9,115590.3944,25291.36691,3209.534899,79846.35704,52471.06805,79085.47634
sp|P53301|CRH1_YEAST,TTWYLDGESVR,663.8198853,2,12.37446378,780.3562622,1,b,6,,,,,,
sp|P53301|CRH1_YEAST,TTWYLDGESVR,663.8198853,2,12.37446378,966.4203491,1,b,8,,,,,,
sp|P53301|CRH1_YEAST,TTWYLDGESVR,663.8198853,2,12.37446378,547.2834473,1,y,5,201475.0439,33434.83576,,131481.4189,75688.72399,130210.7519
sp|P53301|CRH1_YEAST,SNFYIMYGK,561.7680664,2,12.36817404,774.385498,1,y,6,97921.57685,22455.22323,4874.412232,73970.36809,48427.43682,136014.5794
sp|P53301|CRH1_YEAST,SNFYIMYGK,561.7680664,2,12.36817404,611.3221436,1,y,5,102019.2759,22237.32338,4843.232661,80076.52328,52459.57327,140496.9253
sp|P53301|CRH1_YEAST,SNFYIMYGK,561.7680664,2,12.36817404,921.4538574,1,y,7,95812.19331,21526.44298,,73343.37592,44178.2873,116027.1648
sp|P53301|CRH1_YEAST,SNFYIMYGK,561.7680664,2,12.36817404,625.2980347,1,b,5,9236.201673,2635.81547,,8040.149938,4448.866175,10046.04909
sp|P53301|CRH1_YEAST,SNFYIMYGK,561.7680664,2,12.36817404,1035.496826,1,y,8,,,371.5868551,,,
sp|P53301|CRH1_YEAST,SNFYIMYGK,561.7680664,2,12.36817404,919.4018555,1,b,7,,1386.328222,1618.873143,,,
sp|P53301|CRH1_YEAST,VIVTDYSTGKK,404.2274475,3,8.1455032,798.399231,1,y,7,41895.76563,9395.864995,2883.481956,31869.82593,19034.41952,33916.19423
sp|P53301|CRH1_YEAST,VIVTDYSTGKK,404.2274475,3,8.1455032,683.3722534,1,y,6,25223.16503,5377.659336,,18118.92402,13872.25825,19326.05051
sp|P53301|CRH1_YEAST,VIVTDYSTGKK,404.2274475,3,8.1455032,520.30896,1,y,5,18628.58187,4686.32789,1048.298072,14317.70835,10131.23615,14773.58239
sp|P53301|CRH1_YEAST,VIVTDYSTGKK,404.2274475,3,8.1455032,899.4468994,1,y,8,51301.48474,11557.58958,2580.390988,39760.83236,20931.94282,32111.88645
sp|P53301|CRH1_YEAST,VIVTDYSTGKK,404.2274475,3,8.1455032,433.2769165,1,y,4,12049.23202,3009.029435,438.4019646,7451.808758,5053.045225,8649.214987
sp|P53301|CRH1_YEAST,VIVTDYSTGKK,404.2274475,3,8.1455032,499.7612915,2,y,9,104326.8306,26000.18903,6721.552701,72960.47761,44045.8418,72847.88802
sp|P53301|CRH1_YEAST,VIVTDYSTGK,541.7900391,2,9.109676616,870.4203491,1,y,8,107705.2151,24021.75737,,90208.22469,55417.37697,94350.50323
sp|P53301|CRH1_YEAST,VIVTDYSTGK,541.7900391,2,9.109676616,771.3519287,1,y,7,37409.72257,10462.56833,810.8045039,29855.5202,20449.30496,33229.42284
sp|P53301|CRH1_YEAST,VIVTDYSTGK,541.7900391,2,9.109676616,555.2772827,1,y,5,7388.752677,1893.514007,9984.289207,6187.72025,3183.172585,6589.096308
sp|P53301|CRH1_YEAST,VIVTDYSTGK,541.7900391,2,9.109676616,670.3042603,1,y,6,7790.887243,2207.208105,4313.231027,6560.577338,3811.282698,7249.845391
sp|P53301|CRH1_YEAST,VIVTDYSTGK,541.7900391,2,9.109676616,983.5043945,1,y,9,6612.45867,1265.364004,624.2671156,,,
sp|P53301|CRH1_YEAST,VIVTDYSTGK,541.7900391,2,9.109676616,392.2139893,1,y,4,5624.947089,1551.516478,831.4107242,3952.422495,1964.069243,5504.04854
sp|P53301|CRH1_YEAST,YTYGDQSGSWESIEADGGSIYGR,833.362915,3,13.31785422,1024.46936,1,y,10,71026.14883,3501.441733,3060.692285,38781.28626,14143.82657,31861.96788
sp|P53301|CRH1_YEAST,YTYGDQSGSWESIEADGGSIYGR,833.362915,3,13.31785422,895.3630371,2,b,16,30801.74327,1439.436422,1993.843811,18182.97104,4916.153356,14635.57847
sp|P53301|CRH1_YEAST,YTYGDQSGSWESIEADGGSIYGR,833.362915,3,13.31785422,1137.553467,1,y,11,13214.41827,439.5934062,1631.302053,7045.702512,1498.511535,4057.508487
sp|P53301|CRH1_YEAST,YTYGDQSGSWESIEADGGSIYGR,833.362915,3,13.31785422,1224.585449,1,y,12,17480.19867,404.5395086,2106.73467,10248.60529,2182.917059,5598.490571
sp|P53301|CRH1_YEAST,YTYGDQSGSWESIEADGGSIYGR,833.362915,3,13.31785422,1274.495972,1,b,11,10160.83771,390.914767,692.1097359,7277.044336,1110.01295,4229.505938
sp|P53301|CRH1_YEAST,YTYGDQSGSWESIEADGGSIYGR,833.362915,3,13.31785422,1474.612061,1,b,13,6659.537068,247.3907519,522.8545222,3358.733476,,
sp|Q08193|GAS5_YEAST,QIPVGYSAADIVANR,787.4202881,2,12.73326944,1332.690674,1,y,13,302262.0417,56281.99078,67334.16272,174049.7355,74462.63863,110802.9425
sp|Q08193|GAS5_YEAST,QIPVGYSAADIVANR,787.4202881,2,12.73326944,1136.569458,1,y,11,216546.8009,35814.68651,47784.44871,115151.1749,48613.84185,72210.75596
sp|Q08193|GAS5_YEAST,QIPVGYSAADIVANR,787.4202881,2,12.73326944,916.4846802,1,y,9,171050.8459,26459.85199,39309.04149,86549.85061,36859.38222,56984.70881
sp|Q08193|GAS5_YEAST,QIPVGYSAADIVANR,787.4202881,2,12.73326944,1079.547974,1,y,10,53410.40011,9102.265505,12179.37611,29696.03734,11012.75539,16228.54633
sp|Q08193|GAS5_YEAST,QIPVGYSAADIVANR,787.4202881,2,12.73326944,1235.637817,1,y,12,51375.66054,8086.779659,11135.91784,29419.09301,10884.51671,17955.00568
sp|Q08193|GAS5_YEAST,QIPVGYSAADIVANR,787.4202881,2,12.73326944,829.4526367,1,y,8,74198.22761,10926.82992,13994.72459,34379.91416,12843.27275,21456.31907
sp|Q08193|GAS5_YEAST,LYQDYSVPVFLSEFGC[PPa]NQVK,803.0594482,3,16.29987293,1082.49353,1,y,9,71051.24086,466.8018443,3639.605523,7442.499218,1579.033954,7606.28678
sp|Q08193|GAS5_YEAST,LYQDYSVPVFLSEFGC[PPa]NQVK,803.0594482,3,16.29987293,866.4188843,1,y,7,95355.89981,746.5683778,4577.242672,12540.35471,2171.805179,9878.74882
sp|Q08193|GAS5_YEAST,LYQDYSVPVFLSEFGC[PPa]NQVK,803.0594482,3,16.29987293,869.4039307,1,b,7,42844.26468,165.4451338,1375.986158,4329.617203,2045.145223,4175.754026
sp|Q08193|GAS5_YEAST,LYQDYSVPVFLSEFGC[PPa]NQVK,803.0594482,3,16.29987293,1065.525146,1,b,9,23735.28669,215.5097935,1540.91521,1874.464925,464.0372025,2274.085044
sp|Q08193|GAS5_YEAST,LYQDYSVPVFLSEFGC[PPa]NQVK,803.0594482,3,16.29987293,995.4614868,1,y,8,30503.50654,31.63733056,1793.379801,2635.172954,578.156278,1712.584664
sp|Q08193|GAS5_YEAST,LYQDYSVPVFLSEFGC[PPa]NQVK,803.0594482,3,16.29987293,1212.593506,1,b,10,8299.039892,140.0896755,292.7771,,,565.647984
sp|Q08193|GAS5_YEAST,LTDFENLKNEYSK,534.2666016,3,11.13880915,693.8304443,2,y,11,155569.5032,38359.26217,92409.0003,100215.9749,5820.307371,45922.46126
sp|Q08193|GAS5_YEAST,LTDFENLKNEYSK,534.2666016,3,11.13880915,744.354248,2,y,12,259952.5399,69455.47744,82558.76168,214491.4218,,210051.5586
sp|Q08193|GAS5_YEAST,LTDFENLKNEYSK,534.2666016,3,11.13880915,768.3886719,1,y,6,37583.02426,7920.959101,22647.90229,23201.48218,3155.526794,
sp|Q08193|GAS5_YEAST,LTDFENLKNEYSK,534.2666016,3,11.13880915,640.2937012,1,y,5,85977.63933,21516.7252,22616.14093,43155.31185,,40280.77815
sp|Q08193|GAS5_YEAST,LTDFENLKNEYSK,534.2666016,3,11.13880915,636.3169556,2,y,10,610683.4607,176162.3339,105111.5765,465494.7651,,459660.7178
sp|Q08193|GAS5_YEAST,LTDFENLKNEYSK,534.2666016,3,11.13880915,995.515625,1,y,8,91420.28543,24491.13893,21991.86221,69371.93281,435.3672924,58578.61647
sp|Q08193|GAS5_YEAST,GNAFFNSESGER,657.7891235,2,10.10461921,925.401001,1,y,8,197125.4186,41585.04228,31577.22104,139311.4563,54372.00703,75334.5485
sp|Q08193|GAS5_YEAST,GNAFFNSESGER,657.7891235,2,10.10461921,778.3325806,1,y,7,136272.1465,27329.5581,23255.32262,95755.55194,36620.3661,49081.38325
sp|Q08193|GAS5_YEAST,GNAFFNSESGER,657.7891235,2,10.10461921,1072.46936,1,y,9,78290.02936,16105.625,12331.40166,57924.0324,21433.03884,31538.85067
sp|Q08193|GAS5_YEAST,GNAFFNSESGER,657.7891235,2,10.10461921,1143.50647,1,y,10,21308.23549,4302.020611,3415.42824,14892.46706,4698.781941,7341.431298
sp|Q08193|GAS5_YEAST,GNAFFNSESGER,657.7891235,2,10.10461921,738.3205566,1,b,7,,,,,,
sp|Q08193|GAS5_YEAST,GNAFFNSESGER,657.7891235,2,10.10461921,243.1087799,1,b,3,115750.7942,21366.49371,20032.25462,68242.17825,25223.63616,40199.20379
sp|Q08193|GAS5_YEAST,LLQENGIYLILDVNTPTSAISR,810.77948,3,16.60549857,946.4952393,1,y,9,62177.67122,71.00701171,7292.008925,237.3350202,324.6435283,1972.641233
sp|Q08193|GAS5_YEAST,LLQENGIYLILDVNTPTSAISR,810.77948,3,16.60549857,832.4523315,1,y,8,27127.15815,,2859.410389,179.8075452,355.3864951,972.7858539
sp|Q08193|GAS5_YEAST,LLQENGIYLILDVNTPTSAISR,810.77948,3,16.60549857,1044.572388,1,b,9,18567.88886,28.83253611,9917.278452,149.3985907,489.7360083,507.0351899
sp|Q08193|GAS5_YEAST,LLQENGIYLILDVNTPTSAISR,810.77948,3,16.60549857,1160.590576,1,y,11,31548.0415,81.23715814,,,237.5776809,912.4365567
sp|Q08193|GAS5_YEAST,LLQENGIYLILDVNTPTSAISR,810.77948,3,16.60549857,931.4883423,1,b,8,23317.83511,,6711.027737,116.0003736,,510.3594002
sp|Q08193|GAS5_YEAST,LLQENGIYLILDVNTPTSAISR,810.77948,3,16.60549857,1045.563599,1,y,10,27937.86993,130.8342434,7534.53668,190.0972146,202.0641543,529.1055404
sp|Q08193|GAS5_YEAST,LTDFENLK,490.2583923,2,11.02430883,866.425415,1,y,7,96084.67448,14642.97779,7736.84353,46188.92334,22801.03898,53982.51865
sp|Q08193|GAS5_YEAST,LTDFENLK,490.2583923,2,11.02430883,765.3777466,1,y,6,215311.934,33816.15849,11837.78192,122790.4698,49029.09349,105588.4386
sp|Q08193|GAS5_YEAST,LTDFENLK,490.2583923,2,11.02430883,650.3508301,1,y,5,49068.55521,7057.013847,,25892.32673,15058.12521,26687.62231
sp|Q08193|GAS5_YEAST,LTDFENLK,490.2583923,2,11.02430883,503.2823792,1,y,4,21190.32594,2888.303488,4947.10494,14826.41988,6517.719686,10492.09286
sp|Q08193|GAS5_YEAST,LTDFENLK,490.2583923,2,11.02430883,720.3198853,1,b,6,,,,,,
sp|Q08193|GAS5_YEAST,LTDFENLK,490.2583923,2,11.02430883,330.1659546,1,b,3,22794.08642,3299.606626,5706.376577,12871.51921,8124.127766,8216.707631
sp|P38248|ECM33_YEAST,VGQSLSIVSNDELSK,788.414856,2,12.02233644,1091.557861,1,y,10,756981.2723,123788.9453,222380.6555,592192.5021,233620.5729,385980.4574
sp|P38248|ECM33_YEAST,VGQSLSIVSNDELSK,788.414856,2,12.02233644,891.4417725,1,y,8,737304.8971,102510.0711,185591.0025,578502.1834,180485.6274,329950.1364
sp|P38248|ECM33_YEAST,VGQSLSIVSNDELSK,788.414856,2,12.02233644,1004.525879,1,y,9,335521.157,44280.96434,81661.52207,264289.0388,89494.77321,147439.7617
sp|P38248|ECM33_YEAST,VGQSLSIVSNDELSK,788.414856,2,12.02233644,1291.67395,1,y,12,270683.5654,35583.23879,66386.64957,221566.4567,71072.00116,120476.6484
sp|P38248|ECM33_YEAST,VGQSLSIVSNDELSK,788.414856,2,12.02233644,1204.641968,1,y,11,227301.38,31035.31667,51997.13433,184094.6979,54315.86761,96269.88191
sp|P38248|ECM33_YEAST,VGQSLSIVSNDELSK,788.414856,2,12.02233644,871.4883423,1,b,9,,,,,,
sp|P38248|ECM33_YEAST,VNVFNINNNR,602.3150635,2,11.56635524,891.4431152,1,y,7,1409943.266,243581.8332,301533.0719,1079839.424,568640.8331,782338.7583
sp|P38248|ECM33_YEAST,VNVFNINNNR,602.3150635,2,11.56635524,744.3747559,1,y,6,974686.0122,151674.2823,235594.9129,753956.4062,430470.5357,598956.832
sp|P38248|ECM33_YEAST,VNVFNINNNR,602.3150635,2,11.56635524,990.5115356,1,y,8,639184.7325,97631.17758,132143.8965,489194.8231,249551.284,334157.2544
sp|P38248|ECM33_YEAST,VNVFNINNNR,602.3150635,2,11.56635524,630.3317871,1,y,5,476923.2383,79278.60863,109598.8044,371117.1156,179536.1466,270974.811
sp|P38248|ECM33_YEAST,VNVFNINNNR,602.3150635,2,11.56635524,1104.554443,1,y,9,119838.3046,16588.87791,22006.80793,94793.36778,45038.60825,63330.69038
sp|P38248|ECM33_YEAST,VNVFNINNNR,602.3150635,2,11.56635524,687.3824463,1,b,6,100598.5612,15728.37951,32900.69013,75864.56161,39800.94131,53346.74712
sp|P38248|ECM33_YEAST,LQSNGAIQGDSFVC[PPa]K,819.4012451,2,10.76235123,826.3763428,1,y,7,119202.739,14750.07976,10043.21024,100225.3605,40464.20432,61482.51664
sp|P38248|ECM33_YEAST,LQSNGAIQGDSFVC[PPa]K,819.4012451,2,10.76235123,954.4349365,1,y,8,98432.38752,15727.75001,10928.374,85142.2001,34301.5678,49065.31339
sp|P38248|ECM33_YEAST,LQSNGAIQGDSFVC[PPa]K,819.4012451,2,10.76235123,1396.652588,1,y,13,97562.68722,12523.46638,8286.714493,82440.62981,33163.26895,52075.46468
sp|P38248|ECM33_YEAST,LQSNGAIQGDSFVC[PPa]K,819.4012451,2,10.76235123,1067.519043,1,y,9,88029.28642,12006.14929,7126.965913,70511.36952,31252.74794,37190.26156
sp|P38248|ECM33_YEAST,LQSNGAIQGDSFVC[PPa]K,819.4012451,2,10.76235123,1195.577637,1,y,11,39855.14328,5311.675196,2992.806473,35731.16886,12551.04052,19246.31819
sp|P38248|ECM33_YEAST,LQSNGAIQGDSFVC[PPa]K,819.4012451,2,10.76235123,1309.620483,1,y,12,33743.69948,3492.148061,2264.197916,23880.58709,8642.295394,18427.38631
sp|P38248|ECM33_YEAST,KLQSNGAIQGDSFVC[PPa]K,589.3015747,3,10.10238481,699.378418,1,b,7,88091.61258,14841.20995,17350.40036,77143.72387,33758.90305,36309.74813
sp|P38248|ECM33_YEAST,KLQSNGAIQGDSFVC[PPa]K,589.3015747,3,10.10238481,762.8591919,2,y,14,52213.74629,8771.176075,1835.202802,42918.40848,20987.74686,38056.95495
sp|P38248|ECM33_YEAST,KLQSNGAIQGDSFVC[PPa]K,589.3015747,3,10.10238481,826.3763428,1,y,7,128448.8096,21813.65128,20980.64576,105970.6366,45338.11436,57260.91186
sp|P38248|ECM33_YEAST,KLQSNGAIQGDSFVC[PPa]K,589.3015747,3,10.10238481,954.4349365,1,y,8,75905.78217,11355.53233,10057.09599,64272.66415,25119.28248,40042.06708
sp|P38248|ECM33_YEAST,KLQSNGAIQGDSFVC[PPa]K,589.3015747,3,10.10238481,812.4624634,1,b,8,42476.78748,7244.41565,8470.051842,35029.40459,12680.97428,17796.99597
sp|P38248|ECM33_YEAST,KLQSNGAIQGDSFVC[PPa]K,589.3015747,3,10.10238481,654.3279419,1,y,5,35067.90778,7307.187839,8909.112002,29063.49711,12074.15784,15498.17357
sp|P38248|ECM33_YEAST,GGANFDSSSSNFSC[PPa]NALKK,668.9741821,3,10.36991955,779.8619385,2,y,14,65748.09049,12153.3829,25746.18393,,356.4390187,37.33020717
sp|P38248|ECM33_YEAST,GGANFDSSSSNFSC[PPa]NALKK,668.9741821,3,10.36991955,722.3484497,2,y,13,34039.12315,5804.482225,12714.14794,1996.790659,1087.816013,83.0883031
sp|P38248|ECM33_YEAST,GGANFDSSSSNFSC[PPa]NALKK,668.9741821,3,10.36991955,853.3961182,2,y,15,46625.91929,7028.966238,14986.1413,9167.288851,535.1513807,127.616087
sp|P38248|ECM33_YEAST,GGANFDSSSSNFSC[PPa]NALKK,668.9741821,3,10.36991955,834.4501953,1,y,7,44997.64295,4676.959666,12351.74819,3889.64731,,166.9426521
sp|P38248|ECM33_YEAST,GGANFDSSSSNFSC[PPa]NALKK,668.9741821,3,10.36991955,678.8324585,2,y,12,14882.66721,2313.983982,4638.243087,790.8901185,173.6024571,106.9905058
sp|P38248|ECM33_YEAST,GGANFDSSSSNFSC[PPa]NALKK,668.9741821,3,10.36991955,910.4176025,2,y,16,21734.63703,3801.324348,6998.795627,4456.412854,466.1718838,
sp|P38248|ECM33_YEAST,KVNVFNINNNR,666.3625488,2,10.39167873,1104.554443,1,y,9,23902.44968,6081.814042,4427.732311,27002.15949,15137.25663,32881.56642
sp|P38248|ECM33_YEAST,KVNVFNINNNR,666.3625488,2,10.39167873,891.4431152,1,y,7,26704.09653,9079.018926,6234.504768,29476.86535,15721.71106,35327.01034
sp|P38248|ECM33_YEAST,KVNVFNINNNR,666.3625488,2,10.39167873,744.3747559,1,y,6,17847.93635,6499.485665,3070.874523,15335.35512,6798.814235,14417.5921
sp|P38248|ECM33_YEAST,KVNVFNINNNR,666.3625488,2,10.39167873,990.5115356,1,y,8,8677.722736,4736.516167,2170.657415,8987.390017,6202.573205,12126.16379
sp|P38248|ECM33_YEAST,KVNVFNINNNR,666.3625488,2,10.39167873,1203.622925,1,y,10,12362.89139,2706.626235,2132.723569,12140.52833,6875.265199,10890.67245
sp|P38248|ECM33_YEAST,KVNVFNINNNR,666.3625488,2,10.39167873,815.477417,1,b,7,,,248.6836922,,,
sp|P28319|CWP1_YEAST,DSEEFGLVSIR,626.3143921,2,13.61076222,791.477417,1,y,7,924058.3229,171980.5822,67420.01945,803267.1309,388039.9986,847449.7633
sp|P28319|CWP1_YEAST,DSEEFGLVSIR,626.3143921,2,13.61076222,920.5200195,1,y,8,509866.7996,82782.40789,34095.04794,449938.0731,187456.5591,435816.4803
sp|P28319|CWP1_YEAST,DSEEFGLVSIR,626.3143921,2,13.61076222,1049.562622,1,y,9,146525.4146,21509.10965,8223.573291,125089.1284,45153.84279,110409.5715
sp|P28319|CWP1_YEAST,DSEEFGLVSIR,626.3143921,2,13.61076222,778.3253784,1,b,7,118388.1492,20272.69418,7954.978632,94928.39232,44406.63492,98504.33837
sp|P28319|CWP1_YEAST,DSEEFGLVSIR,626.3143921,2,13.61076222,877.3937988,1,b,8,102082.4314,17241.5414,8339.990443,84877.03023,42287.29081,90732.32105
sp|P28319|CWP1_YEAST,DSEEFGLVSIR,626.3143921,2,13.61076222,665.241333,1,b,6,66154.86091,9785.421392,6361.592598,58060.93297,23710.83948,53633.34944
sp|P28319|CWP1_YEAST,SGSDLQYLSVYSDNGTLK,973.9707031,2,13.41422186,1083.531738,1,y,10,231510.8596,23889.61646,8811.302694,195502.0077,60333.43312,185426.5364
sp|P28319|CWP1_YEAST,SGSDLQYLSVYSDNGTLK,973.9707031,2,13.41422186,1196.615723,1,y,11,154707.1996,13249.59808,4618.246972,124308.4451,38811.20411,114947.5451
sp|P28319|CWP1_YEAST,SGSDLQYLSVYSDNGTLK,973.9707031,2,13.41422186,1359.679077,1,y,12,140985.4611,13763.39908,3977.897757,125755.9597,33380.4029,108737.7156
sp|P28319|CWP1_YEAST,SGSDLQYLSVYSDNGTLK,973.9707031,2,13.41422186,996.4996338,1,y,9,80511.2258,8677.424887,2812.409623,67147.94467,17417.01651,60738.97843
sp|P28319|CWP1_YEAST,SGSDLQYLSVYSDNGTLK,973.9707031,2,13.41422186,1487.737671,1,y,13,51365.21755,4088.432874,1493.352702,43897.13135,11474.18632,35634.27511
sp|P28319|CWP1_YEAST,SGSDLQYLSVYSDNGTLK,973.9707031,2,13.41422186,1050.510254,1,b,10,15432.85572,2053.197802,2166.688833,14120.7636,3970.113362,9343.697303
sp|P28319|CWP1_YEAST,LGSGSGSFEATITDDGK,821.383728,2,11.39412684,949.4472656,1,y,9,87578.73751,5999.952657,2662.815588,68062.5039,15881.38229,75501.38418
sp|P28319|CWP1_YEAST,LGSGSGSFEATITDDGK,821.383728,2,11.39412684,1240.569214,1,y,12,73832.56408,5367.368172,2346.966188,55025.37011,14492.11149,57356.18533
sp|P28319|CWP1_YEAST,LGSGSGSFEATITDDGK,821.383728,2,11.39412684,1096.515747,1,y,10,70640.39844,5632.845664,2107.823408,53240.9658,15235.59209,61108.6113
sp|P28319|CWP1_YEAST,LGSGSGSFEATITDDGK,821.383728,2,11.39412684,1183.547729,1,y,11,48101.1989,4475.309821,1619.011284,35181.11624,10908.21991,37001.17501
sp|P28319|CWP1_YEAST,LGSGSGSFEATITDDGK,821.383728,2,11.39412684,1327.601196,1,y,13,29754.81184,2549.937169,814.0706523,24573.96452,6070.741443,25795.41325
sp|P28319|CWP1_YEAST,LGSGSGSFEATITDDGK,821.383728,2,11.39412684,1384.622681,1,y,14,20253.61252,1192.877299,142.6226966,14216.51934,4177.62148,16036.07309
sp|P28319|CWP1_YEAST,SSSGFYAIK,480.2452698,2,10.50946683,785.4191895,1,y,7,409386.9117,108537.7026,8587.21668,478891.3305,285859.8048,755797.1899
sp|P28319|CWP1_YEAST,SSSGFYAIK,480.2452698,2,10.50946683,698.387207,1,y,6,169326.2361,43768.9622,4759.166329,204083.0028,113314.1582,288215.74
sp|P28319|CWP1_YEAST,SSSGFYAIK,480.2452698,2,10.50946683,641.3657227,1,y,5,58496.8622,11684.20777,1113.8656,65448.16428,36111.53984,101519.1379
sp|P28319|CWP1_YEAST,SSSGFYAIK,480.2452698,2,10.50946683,872.4512329,1,y,8,50415.87525,11446.69086,6328.26851,61241.04815,27311.32859,81666.01385
sp|P28319|CWP1_YEAST,SSSGFYAIK,480.2452698,2,10.50946683,331.2339783,1,y,3,59918.80187,12219.21254,2125.763856,68579.44165,33773.61077,102212.6544
sp|P28319|CWP1_YEAST,SSSGFYAIK,480.2452698,2,10.50946683,315.1319275,2,b,6,,,1774.212669,,,
sp|P28319|CWP1_YEAST,LGSGSGSFEATITDDGKLK,628.3179321,3,12.01925276,776.414856,1,y,7,104051.7828,2319.724746,3628.849167,90407.02641,5329.842066,28997.76176
sp|P28319|CWP1_YEAST,LGSGSGSFEATITDDGKLK,628.3179321,3,12.01925276,885.4312134,2,y,18,55712.06468,1641.472247,6448.94561,50460.55351,3095.733367,15544.35116
sp|P28319|CWP1_YEAST,LGSGSGSFEATITDDGKLK,628.3179321,3,12.01925276,889.4989014,1,y,8,38858.7727,459.5348683,,37851.23549,2166.902749,10279.5834
sp|P28319|CWP1_YEAST,LGSGSGSFEATITDDGKLK,628.3179321,3,12.01925276,675.3671875,1,y,6,39853.4734,498.3590309,4609.877814,37228.77329,3415.188072,9302.091418
sp|P28319|CWP1_YEAST,LGSGSGSFEATITDDGKLK,628.3179321,3,12.01925276,856.9205322,2,y,17,43192.52097,780.4251171,1110.066772,42291.4859,2675.294708,10992.89441
sp|P28319|CWP1_YEAST,LGSGSGSFEATITDDGKLK,628.3179321,3,12.01925276,990.5466309,1,y,9,39748.31889,1356.522283,,34776.70674,2525.714431,11293.588
sp|P28319|CWP1_YEAST,[PGQ]-QSDDATGVAIRPTSK,764.883728,2,9.509679364,928.5574341,1,y,9,40153.21771,7527.320544,1213.753342,40939.94717,11965.33416,39011.57755
sp|P28319|CWP1_YEAST,[PGQ]-QSDDATGVAIRPTSK,764.883728,2,9.509679364,1029.605103,1,y,10,24530.08929,3972.573438,802.5293934,21013.08475,6796.710891,23700.15426
sp|P28319|CWP1_YEAST,[PGQ]-QSDDATGVAIRPTSK,764.883728,2,9.509679364,871.5359497,1,y,8,8708.052304,1070.930384,602.4290715,8732.141762,2657.279627,10156.32198
sp|P28319|CWP1_YEAST,[PGQ]-QSDDATGVAIRPTSK,764.883728,2,9.509679364,1097.522217,1,b,11,6274.60452,1081.280139,,5309.56564,1862.303144,6195.185968
sp|P28319|CWP1_YEAST,[PGQ]-QSDDATGVAIRPTSK,764.883728,2,9.509679364,828.3369751,1,b,9,,,,,,
sp|P28319|CWP1_YEAST,[PGQ]-QSDDATGVAIRPTSK,764.883728,2,9.509679364,1100.642212,1,y,11,3423.654774,516.038483,,2477.806363,986.213263,2806.687893
sp|P32478|HS150_YEAST,IGSIVANR,415.2481384,2,8.577549594,459.267395,1,y,4,2773350.839,971171.0587,1201021.832,2005103.063,2036524.943,3014077.443
sp|P32478|HS150_YEAST,IGSIVANR,415.2481384,2,8.577549594,716.4049683,1,y,7,3042564,1068271.973,1147195.282,2173267.023,2155483.423,3089923.634
sp|P32478|HS150_YEAST,IGSIVANR,415.2481384,2,8.577549594,659.3834839,1,y,6,1615924.363,586919.7423,649233.282,1479764.486,1168503.75,1806746.73
sp|P32478|HS150_YEAST,IGSIVANR,415.2481384,2,8.577549594,572.3515015,1,y,5,529788.4407,238837.1003,251386.6536,595483.1234,473822.037,610295.3336
sp|P32478|HS150_YEAST,IGSIVANR,415.2481384,2,8.577549594,360.1990051,1,y,3,1213859.325,466756.9144,505806.9605,1058642.459,877072.6256,1375919.443
sp|P32478|HS150_YEAST,IGSIVANR,415.2481384,2,8.577549594,258.1448364,1,b,3,598923.572,254343.8072,231081.9283,503583.9698,510054.2541,860380.8785
sp|P32478|HS150_YEAST,SGTLEMNLK,496.7576904,2,10.82327601,634.322876,1,y,5,885987.9893,34392.09912,50067.93822,444502.7675,91740.27761,10712.5419
sp|P32478|HS150_YEAST,SGTLEMNLK,496.7576904,2,10.82327601,747.4069214,1,y,6,601833.4392,23392.72388,39393.68988,320584.6863,63715.8582,16579.28205
sp|P32478|HS150_YEAST,SGTLEMNLK,496.7576904,2,10.82327601,505.2802734,1,y,4,438863.9501,15891.0641,24397.93439,222230.1132,42402.64547,8534.94223
sp|P32478|HS150_YEAST,SGTLEMNLK,496.7576904,2,10.82327601,848.4545898,1,y,7,162557.5598,5807.708257,7869.414031,71633.32084,13570.51938,4918.789401
sp|P32478|HS150_YEAST,SGTLEMNLK,496.7576904,2,10.82327601,905.4760742,1,y,8,62027.63359,3057.309323,4646.063032,33754.2488,5106.734413,2060.581457
sp|P32478|HS150_YEAST,SGTLEMNLK,496.7576904,2,10.82327601,246.1084442,1,b,3,329475.8744,11852.80161,24653.90398,180607.5324,34405.96756,13247.99919
sp|P32478|HS150_YEAST,TSGTLEM[Oxi]NLK,555.2789917,2,10.25717693,650.3178101,1,y,5,206694.1877,78298.11795,153.8407078,254017.6899,137995.3409,203688.9074
sp|P32478|HS150_YEAST,TSGTLEM[Oxi]NLK,555.2789917,2,10.25717693,921.4710083,1,y,8,239409.3888,87982.61267,298.6190135,298024.9556,163631.993,228202.0026
sp|P32478|HS150_YEAST,TSGTLEM[Oxi]NLK,555.2789917,2,10.25717693,763.4018555,1,y,6,187404.243,67576.56929,125.379975,220234.7227,123067.9894,175071.57
sp|P32478|HS150_YEAST,TSGTLEM[Oxi]NLK,555.2789917,2,10.25717693,864.4495239,1,y,7,44648.60643,23145.3221,,76503.50295,46437.08153,61307.5304
sp|P32478|HS150_YEAST,TSGTLEM[Oxi]NLK,555.2789917,2,10.25717693,1008.503052,1,y,9,32259.4579,15868.68918,,52058.83329,24803.20276,37671.91362
sp|P32478|HS150_YEAST,TSGTLEM[Oxi]NLK,555.2789917,2,10.25717693,589.2827759,1,b,6,14762.71556,,,14842.79392,9674.01809,10012.89248
sp|P32478|HS150_YEAST,GTLEMNLK,453.2416687,2,10.82310268,634.322876,1,y,5,415281.8304,12885.9449,24607.92863,202393.4643,33391.76335,9211.461024
sp|P32478|HS150_YEAST,GTLEMNLK,453.2416687,2,10.82310268,505.2802734,1,y,4,251761.9876,9279.897648,13284.42228,115327.0277,18614.94668,9206.040398
sp|P32478|HS150_YEAST,GTLEMNLK,453.2416687,2,10.82310268,747.4069214,1,y,6,334354.1161,11024.98688,21602.41575,167531.2415,29444.85045,7607.587655
sp|P32478|HS150_YEAST,GTLEMNLK,453.2416687,2,10.82310268,374.2070923,2,y,6,155895.4247,10457.22976,12651.38014,88110.5147,32076.78266,18979.58904
sp|P32478|HS150_YEAST,GTLEMNLK,453.2416687,2,10.82310268,444.2363892,2,b,8,140502.8113,6262.749794,12040.33733,67757.2367,13410.32727,4409.974364
sp|P32478|HS150_YEAST,GTLEMNLK,453.2416687,2,10.82310268,159.076416,1,b,2,153666.1335,8057.775556,15420.8801,50741.67609,9920.539656,6970.572722
sp|P32478|HS150_YEAST,QFQFDGPPPQAGAIYAA,889.4308472,2,14.47659969,1454.706299,1,b,14,2406.595016,23.05223276,,,994.3903934,1015.560353
sp|P32478|HS150_YEAST,QFQFDGPPPQAGAIYAA,889.4308472,2,14.47659969,1213.563599,1,b,11,2519.564081,123.1207082,200.3054911,97.60204555,632.6970025,720.9804699
sp|P32478|HS150_YEAST,QFQFDGPPPQAGAIYAA,889.4308472,2,14.47659969,1341.622192,1,b,13,8223.929135,148.397885,,82.57114538,2268.145379,1448.616161
sp|P32478|HS150_YEAST,QFQFDGPPPQAGAIYAA,889.4308472,2,14.47659969,917.4152222,1,b,8,2105.575362,59.25254973,255.3070373,27.77284868,1279.438091,775.3017034
sp|P32478|HS150_YEAST,QFQFDGPPPQAGAIYAA,889.4308472,2,14.47659969,1055.552002,1,y,11,2634.719344,,59.6129342,193.6886791,608.961238,571.5689902
sp|P32478|HS150_YEAST,QFQFDGPPPQAGAIYAA,889.4308472,2,14.47659969,958.4992676,1,y,10,2517.793944,,160.6366383,84.30600644,1330.382739,404.8705416
sp|P32478|HS150_YEAST,IGSQC[PPa]TPVHLEAIDLIDC[PPa],1035.005737,2,10.37053084,1420.725342,1,b,13,108.548568,374.9636129,474.6002193,4331.32104,1250.414608,2719.823695
sp|P32478|HS150_YEAST,IGSQC[PPa]TPVHLEAIDLIDC[PPa],1035.005737,2,10.37053084,1307.641235,1,b,12,,168.0912042,612.9125668,5127.602789,1392.190954,2978.516764
sp|P32478|HS150_YEAST,IGSQC[PPa]TPVHLEAIDLIDC[PPa],1035.005737,2,10.37053084,1236.604126,1,b,11,219.7215959,107.3300189,,3946.118013,931.8484876,2439.641603
sp|P32478|HS150_YEAST,IGSQC[PPa]TPVHLEAIDLIDC[PPa],1035.005737,2,10.37053084,1535.752197,1,b,14,89.00342074,329.7897035,217.9539712,4163.83351,1293.692246,3506.130706
sp|P32478|HS150_YEAST,IGSQC[PPa]TPVHLEAIDLIDC[PPa],1035.005737,2,10.37053084,768.3797607,2,b,14,,,,3874.115202,1873.600599,4124.623964
sp|P32478|HS150_YEAST,IGSQC[PPa]TPVHLEAIDLIDC[PPa],1035.005737,2,10.37053084,421.1751404,1,y,3,169.2315013,285.2439292,,3070.638207,635.6331271,2232.030136
sp|P53334|SCW4_YEAST,WLLEQIQR,543.3087158,2,13.43076935,786.4468384,1,y,6,806596.4455,142255.2636,56.37709,686604.0874,298391.551,560576.5261
sp|P53334|SCW4_YEAST,WLLEQIQR,543.3087158,2,13.43076935,673.362793,1,y,5,369633.1716,53171.51969,,315088.1133,113834.9196,221879.747
sp|P53334|SCW4_YEAST,WLLEQIQR,543.3087158,2,13.43076935,899.5308838,1,y,7,259230.4737,36314.68041,98.54467025,215237.9006,79932.48098,160055.4365
sp|P53334|SCW4_YEAST,WLLEQIQR,543.3087158,2,13.43076935,670.355896,1,b,5,,,,,,
sp|P53334|SCW4_YEAST,WLLEQIQR,543.3087158,2,13.43076935,783.4399414,1,b,6,,,30.51258432,,,
sp|P53334|SCW4_YEAST,WLLEQIQR,543.3087158,2,13.43076935,911.4985352,1,b,7,,,253.8033089,,,
sp|P53334|SCW4_YEAST,SASEVASDLAQLTDFPVIR,673.6846313,3,16.6313829,847.4672241,1,y,7,371175.5078,2575.03933,23183.3725,65078.7323,7815.398043,58335.63009
sp|P53334|SCW4_YEAST,SASEVASDLAQLTDFPVIR,673.6846313,3,16.6313829,746.4195557,1,y,6,242730.5935,1231.359878,13938.68212,39087.53631,4994.199441,38450.20873
sp|P53334|SCW4_YEAST,SASEVASDLAQLTDFPVIR,673.6846313,3,16.6313829,960.5512695,1,y,8,170168.4407,787.7873363,10437.91674,29537.9114,4241.700093,26778.27155
sp|P53334|SCW4_YEAST,SASEVASDLAQLTDFPVIR,673.6846313,3,16.6313829,860.3995972,1,b,9,54712.49643,241.582653,2994.54429,10106.02944,805.3381636,10127.32705
sp|P53334|SCW4_YEAST,SASEVASDLAQLTDFPVIR,673.6846313,3,16.6313829,1088.609863,1,y,9,66335.67965,250.6766823,4256.794167,12434.05545,1219.454268,11804.18726
sp|P53334|SCW4_YEAST,SASEVASDLAQLTDFPVIR,673.6846313,3,16.6313829,1059.495239,1,b,11,70476.61358,572.6131852,4476.216446,13084.26402,1338.32747,10953.26598
sp|P53334|SCW4_YEAST,GITYTPYESSGAC[PPa]K,774.355957,2,10.06254079,1012.44043,1,y,9,400356.6178,87879.54736,111794.6623,307785.8061,148559.7782,226117.0591
sp|P53334|SCW4_YEAST,GITYTPYESSGAC[PPa]K,774.355957,2,10.06254079,1113.488159,1,y,10,110109.077,20726.62881,28013.74241,79060.95681,39268.81064,60742.65697
sp|P53334|SCW4_YEAST,GITYTPYESSGAC[PPa]K,774.355957,2,10.06254079,915.3876343,1,y,8,35228.26106,6826.345897,7165.263413,25814.87363,9852.6706,17751.14612
sp|P53334|SCW4_YEAST,GITYTPYESSGAC[PPa]K,774.355957,2,10.06254079,1276.551392,1,y,11,34677.62759,8201.611435,9804.454927,28137.27292,11837.08153,19336.16865
sp|P53334|SCW4_YEAST,GITYTPYESSGAC[PPa]K,774.355957,2,10.06254079,1377.599121,1,y,12,19686.11417,,,15055.76988,,
sp|P53334|SCW4_YEAST,GITYTPYESSGAC[PPa]K,774.355957,2,10.06254079,925.4301758,1,b,8,,,,,,
sp|P53334|SCW4_YEAST,VFLGIYYVDQIQDGVNTIK,729.0561523,3,16.36750841,874.4628906,1,y,8,185504.4219,1014.516349,3539.082303,5944.355274,1103.249346,13320.83681
sp|P53334|SCW4_YEAST,VFLGIYYVDQIQDGVNTIK,729.0561523,3,16.36750841,856.4603271,1,b,7,78912.29085,303.8142095,1138.030476,1874.605093,557.4820892,4228.943304
sp|P53334|SCW4_YEAST,VFLGIYYVDQIQDGVNTIK,729.0561523,3,16.36750841,987.546936,1,y,9,62226.10481,186.1298167,953.8570024,1320.656825,635.8454355,5976.63028
sp|P53334|SCW4_YEAST,VFLGIYYVDQIQDGVNTIK,729.0561523,3,16.36750841,1198.614258,1,b,10,52078.08,217.296411,927.8671461,1689.017802,272.2037699,3428.515985
sp|P53334|SCW4_YEAST,VFLGIYYVDQIQDGVNTIK,729.0561523,3,16.36750841,1230.632446,1,y,11,42022.43489,371.6715216,847.3718189,1289.977027,496.5739476,3284.693592
sp|P53334|SCW4_YEAST,VFLGIYYVDQIQDGVNTIK,729.0561523,3,16.36750841,828.4174194,2,y,14,14758.45457,94.89048327,,,288.1894855,1265.376159
sp|P53334|SCW4_YEAST,LYGTDC[PPa]NQVENVFK,850.901062,2,12.61775537,1424.647461,1,y,12,67556.5679,11584.82238,17240.77286,60263.97953,23368.82808,38621.2639
sp|P53334|SCW4_YEAST,LYGTDC[PPa]NQVENVFK,850.901062,2,12.61775537,1151.551392,1,y,9,43750.43081,6648.01548,13259.7551,37391.40153,14416.02491,26438.08009
sp|P53334|SCW4_YEAST,LYGTDC[PPa]NQVENVFK,850.901062,2,12.61775537,1266.578369,1,y,10,36336.19569,6848.88438,11206.55281,31373.08751,14159.31742,22782.15723
sp|P53334|SCW4_YEAST,LYGTDC[PPa]NQVENVFK,850.901062,2,12.61775537,977.5050659,1,y,8,43111.70345,8162.553785,11194.32706,43156.91737,15711.12045,23814.82228
sp|P53334|SCW4_YEAST,LYGTDC[PPa]NQVENVFK,850.901062,2,12.61775537,1407.62085,1,b,12,20337.7995,3670.438352,5770.702449,18127.85754,6574.3122,9385.823195
sp|P53334|SCW4_YEAST,LYGTDC[PPa]NQVENVFK,850.901062,2,12.61775537,1367.625977,1,y,11,16450.51746,2689.534468,5252.401045,17182.17392,5150.989943,7305.884989
sp|P53334|SCW4_YEAST,YWGILSNE,491.2374573,2,14.34268037,520.2554321,1,b,4,48907.14523,28493.53142,16766.32932,60084.07297,44458.39713,86929.69644
sp|P53334|SCW4_YEAST,YWGILSNE,491.2374573,2,14.34268037,633.3395386,1,b,5,41010.78045,22028.2291,11608.25359,46899.02893,40388.83238,77591.47812
sp|P53334|SCW4_YEAST,YWGILSNE,491.2374573,2,14.34268037,407.1713867,1,b,3,45632.88821,23076.77828,13816.28666,54560.44147,41354.66425,84468.04703
sp|P53334|SCW4_YEAST,YWGILSNE,491.2374573,2,14.34268037,350.1499329,1,b,2,32537.33761,17820.33735,8273.693813,40937.17474,27926.14831,59030.44295
sp|P53334|SCW4_YEAST,YWGILSNE,491.2374573,2,14.34268037,148.0604401,1,y,1,23464.37797,11669.4974,7690.084941,21309.72434,18004.46698,42012.51225
sp|Q03674|PLB2_YEAST,ALSYNFFPSLPDAGSALTWSSLR,834.0884399,3,17.43229907,862.4781494,1,y,7,24181.72666,460.5551871,,605.6990565,727.1158306,935.5808252
sp|Q03674|PLB2_YEAST,ALSYNFFPSLPDAGSALTWSSLR,834.0884399,3,17.43229907,1360.685547,1,y,13,18668.45693,99.68682013,61.48080022,344.726652,857.0651219,769.6271926
sp|Q03674|PLB2_YEAST,ALSYNFFPSLPDAGSALTWSSLR,834.0884399,3,17.43229907,1077.568726,1,y,10,15382.97043,,53.5646643,217.6671849,332.6331959,1163.881039
sp|Q03674|PLB2_YEAST,ALSYNFFPSLPDAGSALTWSSLR,834.0884399,3,17.43229907,1020.547241,1,y,9,10454.94868,394.3063808,1053.453331,,356.8720024,
sp|Q03674|PLB2_YEAST,ALSYNFFPSLPDAGSALTWSSLR,834.0884399,3,17.43229907,933.5152588,1,y,8,11580.54903,231.2188327,,134.2130389,,428.0757591
sp|Q03674|PLB2_YEAST,ALSYNFFPSLPDAGSALTWSSLR,834.0884399,3,17.43229907,1140.572388,1,b,10,8993.608184,58.46513256,,130.3413909,1348.157062,277.8400001
sp|Q03674|PLB2_YEAST,WESIVQEVQAK,658.8458862,2,12.64853973,1001.562561,1,y,9,65596.33227,10923.38714,,63179.27575,37923.00331,47366.14389
sp|Q03674|PLB2_YEAST,WESIVQEVQAK,658.8458862,2,12.64853973,801.4464722,1,y,7,41354.74691,6730.744656,,42063.37654,23283.95802,34010.76831
sp|Q03674|PLB2_YEAST,WESIVQEVQAK,658.8458862,2,12.64853973,702.3780518,1,y,6,29217.00827,3453.016654,,28887.60008,13754.74784,22009.03979
sp|Q03674|PLB2_YEAST,WESIVQEVQAK,658.8458862,2,12.64853973,914.5305786,1,y,8,15533.72411,2007.132609,,13998.78486,6037.102648,8890.88936
sp|Q03674|PLB2_YEAST,WESIVQEVQAK,658.8458862,2,12.64853973,1130.605225,1,y,10,20887.65664,3955.98614,102.773132,20597.35006,8397.973783,13534.03087
sp|Q03674|PLB2_YEAST,WESIVQEVQAK,658.8458862,2,12.64853973,403.1612244,1,b,3,22307.54835,3800.297541,2188.432274,21795.50984,9320.208564,13364.78117
sp|Q03674|PLB2_YEAST,YVNNLSQDDDDIAIYAANPFK,796.0447388,3,14.88040236,810.4144897,1,y,7,34675.07999,997.8550931,768.7599457,20962.25744,6898.053119,17563.29399
sp|Q03674|PLB2_YEAST,YVNNLSQDDDDIAIYAANPFK,796.0447388,3,14.88040236,994.5356445,1,y,9,15839.89233,496.1024373,1647.266247,12782.50527,3142.425262,6435.507862
sp|Q03674|PLB2_YEAST,YVNNLSQDDDDIAIYAANPFK,796.0447388,3,14.88040236,1279.507324,1,b,11,15128.81809,475.2807186,372.5180958,9907.623861,3418.162323,7980.233043
sp|Q03674|PLB2_YEAST,YVNNLSQDDDDIAIYAANPFK,796.0447388,3,14.88040236,923.4985352,1,y,8,36218.50502,663.5693199,2740.478014,16308.65772,4348.238795,11463.31738
sp|Q03674|PLB2_YEAST,YVNNLSQDDDDIAIYAANPFK,796.0447388,3,14.88040236,1463.62854,1,b,13,5581.023967,174.1734784,141.7742547,3129.377342,851.7919201,2604.853155
sp|Q03674|PLB2_YEAST,YVNNLSQDDDDIAIYAANPFK,796.0447388,3,14.88040236,819.3995361,1,b,7,3707.011634,,,,,
sp|Q03674|PLB2_YEAST,NGEMPLPITVADGR,735.3745117,2,13.47209939,1038.594238,1,y,10,88560.55827,11975.52294,554.6433103,79020.5468,58363.72986,116228.918
sp|Q03674|PLB2_YEAST,NGEMPLPITVADGR,735.3745117,2,13.47209939,828.4573975,1,y,8,53817.1285,7889.881873,2539.968873,50057.92108,35448.60626,67347.16509
sp|Q03674|PLB2_YEAST,NGEMPLPITVADGR,735.3745117,2,13.47209939,1169.634766,1,y,11,10223.90026,2390.096635,,10601.13341,9338.506708,15841.54215
sp|Q03674|PLB2_YEAST,NGEMPLPITVADGR,735.3745117,2,13.47209939,941.5414429,1,y,9,5105.355959,1149.934236,914.3821817,6114.41198,4554.769582,9560.667463
sp|Q03674|PLB2_YEAST,NGEMPLPITVADGR,735.3745117,2,13.47209939,301.1142578,1,b,3,51407.88559,7589.77674,4824.490384,48849.15757,34038.45315,64413.31
sp|Q03674|PLB2_YEAST,NGEMPLPITVADGR,735.3745117,2,13.47209939,432.1547546,1,b,4,16262.83034,1713.987859,1134.736452,15740.60249,9778.641174,16816.86667
sp|Q03674|PLB2_YEAST,IGIAC[PPa]SGGGYR,562.77948,2,9.50445632,841.3621216,1,y,8,26175.76023,6586.17827,3274.357217,37576.69439,27658.61915,21508.35047
sp|Q03674|PLB2_YEAST,IGIAC[PPa]SGGGYR,562.77948,2,9.50445632,770.3250122,1,y,7,22398.12718,3328.674468,2602.746007,29131.31001,21970.95331,20804.93989
sp|Q03674|PLB2_YEAST,IGIAC[PPa]SGGGYR,562.77948,2,9.50445632,596.2786865,1,y,6,15920.55686,4107.960279,2102.18002,26154.57698,18017.08166,15648.65825
sp|Q03674|PLB2_YEAST,IGIAC[PPa]SGGGYR,562.77948,2,9.50445632,1011.467651,1,y,10,11067.58481,2220.389505,2663.461754,17165.95219,11811.96155,11293.04395
sp|Q03674|PLB2_YEAST,IGIAC[PPa]SGGGYR,562.77948,2,9.50445632,954.446167,1,y,9,7929.067264,519.2407105,,8172.172383,2195.468012,1860.23955
sp|Q03674|PLB2_YEAST,IGIAC[PPa]SGGGYR,562.77948,2,9.50445632,673.3338013,1,b,7,,,,,,
sp|Q03674|PLB2_YEAST,MINSFANK,462.7340088,2,12.23745689,680.3362427,1,y,6,401.9547675,5058.173425,32501.01084,16087.28409,22813.84646,30450.8046
sp|Q03674|PLB2_YEAST,MINSFANK,462.7340088,2,12.23745689,793.4202881,1,y,7,,642.646789,2151.913318,5558.780018,5456.61846,9263.666633
sp|Q03674|PLB2_YEAST,MINSFANK,462.7340088,2,12.23745689,479.261261,1,y,4,3421.180886,200.7938691,1779.534011,1253.054218,2213.824078,1896.947882
sp|Q03674|PLB2_YEAST,MINSFANK,462.7340088,2,12.23745689,566.2932739,1,y,5,,541.0236612,19348.50207,1504.282539,1814.177755,3806.54071
sp|Q03674|PLB2_YEAST,MINSFANK,462.7340088,2,12.23745689,332.1928406,1,y,3,925.5191571,460.5676106,,1148.911044,2149.473805,3437.998505
sp|Q03674|PLB2_YEAST,MINSFANK,462.7340088,2,12.23745689,147.1128082,1,y,1,,,,,,
sp|Q12355|PST1_YEAST,LITLPAISSFTSNIK,802.9665527,2,16.21297773,1164.625854,1,y,11,287116.8312,3672.683368,12517.85535,241938.8437,26765.41389,135867.8361
sp|Q12355|PST1_YEAST,LITLPAISSFTSNIK,802.9665527,2,16.21297773,883.4519653,1,y,8,84423.09245,643.3525727,18923.81941,61204.63555,6323.905298,33084.66944
sp|Q12355|PST1_YEAST,LITLPAISSFTSNIK,802.9665527,2,16.21297773,1378.75769,1,y,13,45025.80413,593.5133099,,34513.94376,3031.769848,19945.82553
sp|Q12355|PST1_YEAST,LITLPAISSFTSNIK,802.9665527,2,16.21297773,996.5360107,1,y,9,40231.51736,321.1889704,4769.940575,27905.25161,2512.615885,13855.60631
sp|Q12355|PST1_YEAST,LITLPAISSFTSNIK,802.9665527,2,16.21297773,1067.57312,1,y,10,30641.2488,549.9908716,4090.376075,21975.59012,3069.6441,14346.45021
sp|Q12355|PST1_YEAST,LITLPAISSFTSNIK,802.9665527,2,16.21297773,1277.709961,1,y,12,18361.4793,,,12402.09604,,
sp|Q12355|PST1_YEAST,LNTIGQTFSIVSNDYLK,638.3386841,3,15.46444879,739.3621216,1,y,6,95702.72388,593.0798115,1201.35269,33422.04848,2802.992542,16844.54704
sp|Q12355|PST1_YEAST,LNTIGQTFSIVSNDYLK,638.3386841,3,15.46444879,838.430481,1,y,7,98756.71432,272.9539119,785.2849875,31990.22352,1849.914943,14840.67483
sp|Q12355|PST1_YEAST,LNTIGQTFSIVSNDYLK,638.3386841,3,15.46444879,1038.546631,1,y,9,47411.57297,481.4827493,3133.290154,19581.40816,1553.860669,8212.453142
sp|Q12355|PST1_YEAST,LNTIGQTFSIVSNDYLK,638.3386841,3,15.46444879,652.3300781,1,y,5,20810.84555,64.10989024,168.7141363,6173.645912,473.9532298,4190.034954
sp|Q12355|PST1_YEAST,LNTIGQTFSIVSNDYLK,638.3386841,3,15.46444879,951.5145874,1,y,8,15002.0955,164.470106,271.667525,5663.852636,485.785392,4348.87669
sp|Q12355|PST1_YEAST,LNTIGQTFSIVSNDYLK,638.3386841,3,15.46444879,962.4942017,1,b,9,12128.22745,26.52734868,,3527.844906,416.2762758,1888.606491
sp|Q12355|PST1_YEAST,SANNIYISDTSLQSVDGFSALKK,820.086853,3,13.90385904,980.0071411,2,y,18,67719.98051,786.0047703,4800.564652,50105.00576,1979.149606,14085.76267
sp|Q12355|PST1_YEAST,SANNIYISDTSLQSVDGFSALKK,820.086853,3,13.90385904,898.4754639,2,y,17,28394.46425,,,21773.23944,,5672.000126
sp|Q12355|PST1_YEAST,SANNIYISDTSLQSVDGFSALKK,820.086853,3,13.90385904,841.9334106,2,y,16,21489.10995,416.3332203,2119.638636,18431.65447,700.7235431,3297.221629
sp|Q12355|PST1_YEAST,SANNIYISDTSLQSVDGFSALKK,820.086853,3,13.90385904,1051.578247,1,y,10,31200.84405,175.193836,,28250.39193,2430.47584,6313.427482
sp|Q12355|PST1_YEAST,SANNIYISDTSLQSVDGFSALKK,820.086853,3,13.90385904,1036.549194,2,y,19,15853.71039,,2418.141117,13388.18145,,3867.324423
sp|Q12355|PST1_YEAST,SANNIYISDTSLQSVDGFSALKK,820.086853,3,13.90385904,1093.570557,2,y,20,,,,,,
sp|Q12355|PST1_YEAST,ITLPAISSFTSNIK,746.4244995,2,15.28670945,883.4519653,1,y,8,27274.01777,645.8957959,1617.376994,12700.00822,1791.311531,67.89535526
sp|Q12355|PST1_YEAST,ITLPAISSFTSNIK,746.4244995,2,15.28670945,1164.625854,1,y,11,38873.1641,1842.905596,4421.978967,29577.65542,2809.674158,
sp|Q12355|PST1_YEAST,ITLPAISSFTSNIK,746.4244995,2,15.28670945,796.4199219,1,y,7,8901.753105,,1332.096092,6449.497815,646.5054362,1059.498879
sp|Q12355|PST1_YEAST,ITLPAISSFTSNIK,746.4244995,2,15.28670945,1067.57312,1,y,10,,7445.762324,9271.50077,,10974.67584,221.9440669
sp|Q12355|PST1_YEAST,ITLPAISSFTSNIK,746.4244995,2,15.28670945,996.5360107,1,y,9,17178.52073,412.0441465,1105.798242,9602.242384,1155.873078,311.2364558
sp|Q12355|PST1_YEAST,ITLPAISSFTSNIK,746.4244995,2,15.28670945,1277.709961,1,y,12,2832.473483,,,3088.74633,,67.00735588
sp|Q12355|PST1_YEAST,SANNIYISDTSLQSVDGFSALK,777.3885498,3,14.78003845,923.4832764,1,y,9,37973.15555,246.324114,,16733.95428,4009.849148,11175.09476
sp|Q12355|PST1_YEAST,SANNIYISDTSLQSVDGFSALK,777.3885498,3,14.78003845,836.4512329,1,y,8,13651.24883,835.0607899,145.2981729,3008.006014,232.4216117,2075.946203
sp|Q12355|PST1_YEAST,SANNIYISDTSLQSVDGFSALK,777.3885498,3,14.78003845,1166.532349,1,b,11,4069.099788,,302.3783734,2009.121566,278.9387072,626.2071979
sp|Q12355|PST1_YEAST,SANNIYISDTSLQSVDGFSALK,777.3885498,3,14.78003845,1051.54187,1,y,10,15614.64183,264.0248698,95.52981131,8493.72295,450.3962445,2607.6522
sp|Q12355|PST1_YEAST,SANNIYISDTSLQSVDGFSALK,777.3885498,3,14.78003845,915.9596558,2,y,17,,87.23696202,,,,
sp|Q12355|PST1_YEAST,SANNIYISDTSLQSVDGFSALK,777.3885498,3,14.78003845,1164.625854,1,y,11,,1072.726805,1784.235025,,,537.1113559
sp|O13547|CCW14_YEAST,TPPAC[PPa]LLAC[PPa]VAQVGK,806.9310913,2,14.40533541,1414.754517,1,y,13,871355.0066,201215.7799,398735.7032,656822.7594,404057.2134,452464.2747
sp|O13547|CCW14_YEAST,TPPAC[PPa]LLAC[PPa]VAQVGK,806.9310913,2,14.40533541,959.5342407,1,y,9,596825.324,109212.1628,254212.0625,444145.631,211894.9633,286013.8145
sp|O13547|CCW14_YEAST,TPPAC[PPa]LLAC[PPa]VAQVGK,806.9310913,2,14.40533541,846.4501953,1,y,8,756163.8382,132719.2532,307560.0731,554539.4991,271826.7176,349556.9963
sp|O13547|CCW14_YEAST,TPPAC[PPa]LLAC[PPa]VAQVGK,806.9310913,2,14.40533541,1072.618286,1,y,10,377364.6083,68195.01257,150545.6831,270426.0121,125839.2395,171989.0465
sp|O13547|CCW14_YEAST,TPPAC[PPa]LLAC[PPa]VAQVGK,806.9310913,2,14.40533541,838.4491577,1,b,8,309941.9281,49400.461,114500.1448,226009.9864,110611.7674,134501.2595
sp|O13547|CCW14_YEAST,TPPAC[PPa]LLAC[PPa]VAQVGK,806.9310913,2,14.40533541,1246.664673,1,y,11,349736.0832,65912.65676,142969.3534,265441.6413,135374.7297,159649.1324
sp|O13547|CCW14_YEAST,C[PPa]LDSIC[PPa]PNNDADAAYSAFK,1080.47229,2,12.97531258,1383.617554,1,y,13,742081.3053,140607.3218,,518917.7569,341525.8609,346479.6037
sp|O13547|CCW14_YEAST,C[PPa]LDSIC[PPa]PNNDADAAYSAFK,1080.47229,2,12.97531258,1557.663818,1,y,14,418793.0615,77500.63574,,296646.4703,178958.3697,192177.0807
sp|O13547|CCW14_YEAST,C[PPa]LDSIC[PPa]PNNDADAAYSAFK,1080.47229,2,12.97531258,1172.521851,1,y,11,115034.3446,13672.77856,164.5252184,75173.11542,38435.01723,38364.93412
sp|O13547|CCW14_YEAST,C[PPa]LDSIC[PPa]PNNDADAAYSAFK,1080.47229,2,12.97531258,1286.564819,1,y,12,87898.29586,11214.82382,254.8248465,64773.61053,30934.47728,34397.77287
sp|O13547|CCW14_YEAST,C[PPa]LDSIC[PPa]PNNDADAAYSAFK,1080.47229,2,12.97531258,1403.556641,1,b,12,,,67.74408755,,,
sp|O13547|CCW14_YEAST,C[PPa]LDSIC[PPa]PNNDADAAYSAFK,1080.47229,2,12.97531258,1545.630859,1,b,14,,,37.41642025,,,
sp|O13547|CCW14_YEAST,C[PPa]LDSIC[PPa]PNN[Dea]DADAAYSAFK,1080.964233,2,10.68293729,1558.647827,1,y,14,420.1464063,,,65.92179977,,282.2844484
sp|O13547|CCW14_YEAST,C[PPa]LDSIC[PPa]PNN[Dea]DADAAYSAFK,1080.964233,2,10.68293729,1384.601563,1,y,13,129.0351372,20.95049254,67.28971575,,,67.57591002
sp|O13547|CCW14_YEAST,C[PPa]LDSIC[PPa]PNN[Dea]DADAAYSAFK,1080.964233,2,10.68293729,1173.505859,1,y,11,,18.17200816,60.44171909,193.5953073,12.23309427,74.72092393
sp|O13547|CCW14_YEAST,C[PPa]LDSIC[PPa]PNN[Dea]DADAAYSAFK,1080.964233,2,10.68293729,1287.548828,1,y,12,192.2020405,53.29071871,78.54653716,415.5589121,49.58354481,208.0786972
sp|O13547|CCW14_YEAST,C[PPa]LDSIC[PPa]PNN[Dea]DADAAYSAFK,1080.964233,2,10.68293729,1475.577759,1,b,13,244.219724,74.86353149,,59.34247233,68.51692466,51.08058048
sp|O13547|CCW14_YEAST,C[PPa]LDSIC[PPa]PNN[Dea]DADAAYSAFK,1080.964233,2,10.68293729,1218.476563,1,b,10,320.5328742,,34.06846523,335.0907686,,166.2233135
sp|O13547|CCW14_YEAST,SSSTC[PPa]DSLNQVTC[PPa]YC[PPa]EHENSAVKK,712.3151855,4,10.22241094,827.3716431,2,y,13,324664.3963,104834.7195,197740.8807,252303.4068,206401.083,130642.2415
sp|O13547|CCW14_YEAST,SSSTC[PPa]DSLNQVTC[PPa]YC[PPa]EHENSAVKK,712.3151855,4,10.22241094,776.8477783,2,y,12,113106.8198,31069.53755,60191.16382,83381.67345,60225.50541,39116.08187
sp|O13547|CCW14_YEAST,SSSTC[PPa]DSLNQVTC[PPa]YC[PPa]EHENSAVKK,712.3151855,4,10.22241094,876.9058228,2,y,14,145731.2489,43238.92028,82731.99423,107912.2178,90388.50178,50824.57093
sp|O13547|CCW14_YEAST,SSSTC[PPa]DSLNQVTC[PPa]YC[PPa]EHENSAVKK,712.3151855,4,10.22241094,1094.441895,1,b,10,101819.3125,28038.99154,43484.49203,75182.83612,62215.4626,46261.47807
sp|O13547|CCW14_YEAST,SSSTC[PPa]DSLNQVTC[PPa]YC[PPa]EHENSAVKK,712.3151855,4,10.22241094,739.2562866,1,b,7,70824.93954,18380.50012,38465.44545,51181.6442,41013.8708,22836.76814
sp|O13547|CCW14_YEAST,SSSTC[PPa]DSLNQVTC[PPa]YC[PPa]EHENSAVKK,712.3151855,4,10.22241094,997.956604,2,y,16,47430.39427,12414.63081,24262.72631,34498.9313,28536.90309,18976.69686
sp|O13547|CCW14_YEAST,TPPAC[PPa]LLAC[PPa]VAQ[Dea]VGK,807.4230957,2,14.39260347,838.4491577,1,b,8,309941.9281,49400.461,114500.1448,226009.9864,110611.7674,134501.2595
sp|O13547|CCW14_YEAST,TPPAC[PPa]LLAC[PPa]VAQ[Dea]VGK,807.4230957,2,14.39260347,1111.563843,1,b,10,123509.4623,17779.01203,51939.74715,92251.85848,40668.10785,49446.32615
sp|O13547|CCW14_YEAST,TPPAC[PPa]LLAC[PPa]VAQ[Dea]VGK,807.4230957,2,14.39260347,1182.600952,1,b,11,122887.5579,22603.98531,46056.85095,90763.3532,44472.53083,54524.65793
sp|O13547|CCW14_YEAST,TPPAC[PPa]LLAC[PPa]VAQ[Dea]VGK,807.4230957,2,14.39260347,1012.495422,1,b,9,138343.5561,23010.40096,54842.47929,95351.07434,45621.86235,60997.57932
sp|O13547|CCW14_YEAST,TPPAC[PPa]LLAC[PPa]VAQ[Dea]VGK,807.4230957,2,14.39260347,1415.738525,1,y,13,671823.6738,152172.6069,282409.0743,525743.938,295734.0277,332752.4096
sp|O13547|CCW14_YEAST,TPPAC[PPa]LLAC[PPa]VAQ[Dea]VGK,807.4230957,2,14.39260347,654.3279419,1,b,6,377275.4562,58918.88584,135332.5729,262429.2877,123556.6593,146980.2203
sp|O13547|CCW14_YEAST,KC[PPa]LDSIC[PPa]PNNDADAAYSAFK,763.348938,3,12.13289047,905.421936,1,b,7,124093.0393,17232.73423,37551.60394,89904.63111,49115.11497,51367.97647
sp|O13547|CCW14_YEAST,KC[PPa]LDSIC[PPa]PNNDADAAYSAFK,763.348938,3,12.13289047,943.4519653,1,y,9,79676.52642,8381.530567,18992.66099,55586.44058,27480.55123,30803.14992
sp|O13547|CCW14_YEAST,KC[PPa]LDSIC[PPa]PNNDADAAYSAFK,763.348938,3,12.13289047,872.414856,1,y,8,62384.47935,7285.125474,19715.66318,53578.62847,25369.47195,24875.342
sp|O13547|CCW14_YEAST,KC[PPa]LDSIC[PPa]PNNDADAAYSAFK,763.348938,3,12.13289047,1058.478882,1,y,10,45874.26724,6103.486886,13587.28916,34903.393,16599.63351,16117.29549
sp|O13547|CCW14_YEAST,KC[PPa]LDSIC[PPa]PNNDADAAYSAFK,763.348938,3,12.13289047,779.3355713,2,y,14,42044.76848,4983.362051,11275.56059,30658.74258,15417.31179,17572.6727
sp|O13547|CCW14_YEAST,KC[PPa]LDSIC[PPa]PNNDADAAYSAFK,763.348938,3,12.13289047,1383.617554,1,y,13,51794.77155,6030.764352,17433.04804,36224.07877,25818.33401,24188.07393
sp|Q04951|SCW10_YEAST,STAQVASDLEQLTGFDNIR,689.0114136,3,15.70777842,721.362793,1,y,6,60452.18536,71.18561808,804.8938086,9741.003074,,10217.37976
sp|Q04951|SCW10_YEAST,STAQVASDLEQLTGFDNIR,689.0114136,3,15.70777842,822.4104614,1,y,7,70448.42627,96.24377216,421.4498958,13501.38651,1263.110907,8683.666361
sp|Q04951|SCW10_YEAST,STAQVASDLEQLTGFDNIR,689.0114136,3,15.70777842,935.4945068,1,y,8,25280.29138,,1866.324837,1523.315659,1318.970273,2122.196665
sp|Q04951|SCW10_YEAST,STAQVASDLEQLTGFDNIR,689.0114136,3,15.70777842,1130.532349,1,b,11,10988.97229,27.89231138,,2172.83869,417.6831121,1450.995928
sp|Q04951|SCW10_YEAST,STAQVASDLEQLTGFDNIR,689.0114136,3,15.70777842,760.347168,1,b,8,5262.828435,120.4903478,3089.461575,,191.0216484,800.420102
sp|Q04951|SCW10_YEAST,STAQVASDLEQLTGFDNIR,689.0114136,3,15.70777842,1063.553101,1,y,9,8813.572821,62.07159893,,534.6649859,,1154.021746
sp|Q04951|SCW10_YEAST,IQDAVDTIK,501.776947,2,9.331826554,761.4039307,1,y,7,32233.1223,5762.709877,197.0906948,29228.23089,417.7514982,16621.06701
sp|Q04951|SCW10_YEAST,IQDAVDTIK,501.776947,2,9.331826554,889.4625244,1,y,8,9416.106488,1553.814025,114.3098258,7466.766503,287.3067282,3611.168176
sp|Q04951|SCW10_YEAST,IQDAVDTIK,501.776947,2,9.331826554,646.3770142,1,y,6,10722.59541,1977.457503,1040.4416,6381.222164,1987.727209,1069.643852
sp|Q04951|SCW10_YEAST,IQDAVDTIK,501.776947,2,9.331826554,575.3399048,1,y,5,7294.997573,1433.590438,,8635.446354,532.8044469,4274.325067
sp|Q04951|SCW10_YEAST,IQDAVDTIK,501.776947,2,9.331826554,476.2714844,1,y,4,2767.873186,533.1164203,,1922.045022,,1700.015477
sp|Q04951|SCW10_YEAST,IQDAVDTIK,501.776947,2,9.331826554,361.2445374,1,y,3,3592.277334,402.4830549,1393.285262,1347.725647,67.80753847,2143.240836
sp|Q04951|SCW10_YEAST,LYGVDC[PPa]SQVENVLQAK,918.9616699,2,10.55474565,1404.678711,1,y,12,,431.5800176,37.43420469,5906.291538,1275.131857,3332.058691
sp|Q04951|SCW10_YEAST,LYGVDC[PPa]SQVENVLQAK,918.9616699,2,10.55474565,1115.605469,1,y,10,402.7264066,721.9976587,11.57334132,7630.728159,1445.168668,1915.416081
sp|Q04951|SCW10_YEAST,LYGVDC[PPa]SQVENVLQAK,918.9616699,2,10.55474565,1378.630737,1,b,12,2481.137365,,,5470.374515,567.1870995,465.9650708
sp|Q04951|SCW10_YEAST,LYGVDC[PPa]SQVENVLQAK,918.9616699,2,10.55474565,1560.768677,1,y,14,751.9111514,435.6617828,,2859.422592,438.0132923,992.0996912
sp|Q04951|SCW10_YEAST,LYGVDC[PPa]SQVENVLQAK,918.9616699,2,10.55474565,1165.519409,1,b,10,943.3413897,133.1114855,61.71465735,1570.742791,238.245372,875.9331032
sp|Q04951|SCW10_YEAST,LYGVDC[PPa]SQVENVLQAK,918.9616699,2,10.55474565,1491.714844,1,b,13,1485.866022,150.8248206,34.42792174,874.9625758,,276.7674913
sp|Q04951|SCW10_YEAST,LFLGIYYVDK,615.8421021,2,14.93695859,857.4403687,1,y,7,48215.65812,890.3735805,,21107.44792,546.4296447,6141.849527
sp|Q04951|SCW10_YEAST,LFLGIYYVDK,615.8421021,2,14.93695859,970.5244141,1,y,8,29929.11711,454.0893384,452.3963213,14237.19731,941.8703262,6483.825514
sp|Q04951|SCW10_YEAST,LFLGIYYVDK,615.8421021,2,14.93695859,687.3348389,1,y,5,9374.955725,203.1304163,11783.85998,4770.48628,412.4277208,1770.168269
sp|Q04951|SCW10_YEAST,LFLGIYYVDK,615.8421021,2,14.93695859,800.4188843,1,y,6,13359.19233,493.6949262,3084.944111,5625.152831,741.2114507,1209.581083
sp|Q04951|SCW10_YEAST,LFLGIYYVDK,615.8421021,2,14.93695859,1117.592773,1,y,9,3378.12895,58.50203976,1952.280806,,79.83021967,733.0354547
sp|Q04951|SCW10_YEAST,LFLGIYYVDK,615.8421021,2,14.93695859,361.2081604,1,y,3,6315.72681,,3214.743878,2135.701768,,772.3844798
sp|P47001|CIS3_YEAST,SGTLELTLK,481.2818604,2,12.16433583,603.3712158,1,y,5,160491.3104,5109.502023,6401.931667,67282.35309,6948.145651,3994.97309
sp|P47001|CIS3_YEAST,SGTLELTLK,481.2818604,2,12.16433583,716.4552612,1,y,6,130884.318,5250.818457,2302.863323,63616.18941,7953.256268,4238.637886
sp|P47001|CIS3_YEAST,SGTLELTLK,481.2818604,2,12.16433583,817.5029297,1,y,7,54120.02784,3410.257525,3277.656883,22462.22947,4713.58532,4284.770669
sp|P47001|CIS3_YEAST,SGTLELTLK,481.2818604,2,12.16433583,874.5244141,1,y,8,21050.71283,725.2075554,1616.525078,9658.366319,2167.023809,1444.5579
sp|P47001|CIS3_YEAST,SGTLELTLK,481.2818604,2,12.16433583,472.2765808,2,b,9,211320.7902,10728.09391,12915.11887,97216.28595,17298.45844,12106.98276
sp|P47001|CIS3_YEAST,SGTLELTLK,481.2818604,2,12.16433583,361.2445374,1,y,3,49552.69209,2092.113669,,22010.75036,3090.866963,3536.37218
sp|P47001|CIS3_YEAST,NSGTLELTLKDGVLTDAK,625.6738281,3,13.29314542,837.4696045,2,y,16,44165.84925,2693.599227,34834.2191,40677.8269,2824.301512,2663.428061
sp|P47001|CIS3_YEAST,NSGTLELTLKDGVLTDAK,625.6738281,3,13.29314542,1160.6521,1,y,11,10177.39059,682.7544467,6001.627305,8393.880761,468.8587576,559.3670521
sp|P47001|CIS3_YEAST,NSGTLELTLKDGVLTDAK,625.6738281,3,13.29314542,701.8930054,2,y,13,13365.10929,1062.407049,10655.84522,13897.42373,815.9281976,723.933159
sp|P47001|CIS3_YEAST,NSGTLELTLKDGVLTDAK,625.6738281,3,13.29314542,758.4350586,2,y,14,31538.79993,,22059.38321,30597.05652,,
sp|P47001|CIS3_YEAST,NSGTLELTLKDGVLTDAK,625.6738281,3,13.29314542,1059.604492,1,y,10,22503.54189,2196.575675,14359.95451,21185.39334,5420.955913,5126.359275
sp|P47001|CIS3_YEAST,NSGTLELTLKDGVLTDAK,625.6738281,3,13.29314542,880.9856567,2,y,17,12653.59767,349.8844288,8214.128023,12188.51842,556.9441943,640.0853098
sp|P47001|CIS3_YEAST,N[Dea]SGTLELTLK,538.7953491,2,12.11634629,716.4552612,1,y,6,1187494.109,239958.5849,66194.83549,801220.3701,333369.7311,598912.5823
sp|P47001|CIS3_YEAST,N[Dea]SGTLELTLK,538.7953491,2,12.11634629,874.5244141,1,y,8,1550236.345,389257.3794,105451.343,1100534.043,534545.0986,884609.5948
sp|P47001|CIS3_YEAST,N[Dea]SGTLELTLK,538.7953491,2,12.11634629,603.3712158,1,y,5,1014324.852,202064.8077,58962.32163,691750.7071,281058.9288,500300.7766
sp|P47001|CIS3_YEAST,N[Dea]SGTLELTLK,538.7953491,2,12.11634629,817.5029297,1,y,7,643910.0781,124201.8586,36177.99837,438525.5226,175329.2891,324127.9151
sp|P47001|CIS3_YEAST,N[Dea]SGTLELTLK,538.7953491,2,12.11634629,961.5564575,1,y,9,367958.942,71971.08569,20034.95809,248911.6324,99369.59279,181251.0832
sp|P47001|CIS3_YEAST,N[Dea]SGTLELTLK,538.7953491,2,12.11634629,716.3461304,1,b,7,,,,,,
sp|P47001|CIS3_YEAST,GTLELTLK,437.7658386,2,12.1974562,603.3712158,1,y,5,144082.4794,5013.982831,6946.087532,69735.0188,11355.91279,3100.366341
sp|P47001|CIS3_YEAST,GTLELTLK,437.7658386,2,12.1974562,716.4552612,1,y,6,188146.7396,5693.752779,2043.394895,72364.30168,13080.39234,
sp|P47001|CIS3_YEAST,GTLELTLK,437.7658386,2,12.1974562,474.3286133,1,y,4,81576.60405,3522.24177,8710.833963,29217.52884,6699.359074,3878.13861
sp|P47001|CIS3_YEAST,GTLELTLK,437.7658386,2,12.1974562,361.2445374,1,y,3,48815.11983,2526.689267,987.5972009,22690.09166,7000.168843,9874.154983
sp|P47001|CIS3_YEAST,GTLELTLK,437.7658386,2,12.1974562,358.7312622,2,y,6,38363.12591,1307.24635,597.4621276,14583.38515,1515.210608,
sp|P47001|CIS3_YEAST,GTLELTLK,437.7658386,2,12.1974562,260.1968689,1,y,2,76227.7238,7470.677072,18812.51756,34910.55097,9493.773781,
sp|P38288|TOS1_YEAST,EGIPAYHGFGGADK,473.5614929,3,10.57822572,651.3096924,1,y,7,81288.81584,14712.53921,8134.282403,61047.70323,25895.06504,38947.13784
sp|P38288|TOS1_YEAST,EGIPAYHGFGGADK,473.5614929,3,10.57822572,560.2645264,2,y,11,180480.384,37219.53035,21649.72476,144804.4306,71918.67918,112500.3921
sp|P38288|TOS1_YEAST,EGIPAYHGFGGADK,473.5614929,3,10.57822572,511.7381592,2,y,10,64211.66582,10566.05724,5207.83699,48269.7384,20488.3349,37520.98376
sp|P38288|TOS1_YEAST,EGIPAYHGFGGADK,473.5614929,3,10.57822572,594.288208,1,y,6,17864.58632,3518.318315,2723.954546,11683.93363,6007.299888,8538.616748
sp|P38288|TOS1_YEAST,EGIPAYHGFGGADK,473.5614929,3,10.57822572,788.3685913,1,y,8,45343.17682,8267.421715,4547.168441,31326.61208,14288.0243,19558.9557
sp|P38288|TOS1_YEAST,EGIPAYHGFGGADK,473.5614929,3,10.57822572,951.4318848,1,y,9,15143.07088,2145.70818,2160.01753,9953.197327,4905.94621,9326.448388
sp|P38288|TOS1_YEAST,AAVIFNSSDK,526.2745361,2,9.896413601,697.3151245,1,y,6,102404.513,30350.73768,14899.94888,154920.9971,65792.59947,92248.15817
sp|P38288|TOS1_YEAST,AAVIFNSSDK,526.2745361,2,9.896413601,810.399231,1,y,7,103575.7059,29895.25054,19393.56824,112096.6343,58933.64755,109610.0531
sp|P38288|TOS1_YEAST,AAVIFNSSDK,526.2745361,2,9.896413601,550.2467041,1,y,5,16873.63837,4773.625698,1936.168052,26480.46007,8975.372099,16987.91648
sp|P38288|TOS1_YEAST,AAVIFNSSDK,526.2745361,2,9.896413601,909.4676514,1,y,8,25373.81084,,889.2630302,30375.80574,14311.71625,26420.99699
sp|P38288|TOS1_YEAST,AAVIFNSSDK,526.2745361,2,9.896413601,980.5047607,1,y,9,,,,,,
sp|P38288|TOS1_YEAST,AAVIFNSSDK,526.2745361,2,9.896413601,242.1499176,1,b,3,46284.77063,10686.16285,7693.925616,55393.95072,23819.55571,42305.82152
sp|P38288|TOS1_YEAST,[PGE]-EMDLFEILTAGSDK,775.8739624,2,18.73535215,933.4887695,1,y,9,875.1601044,593.5296752,111.7252261,409.0500834,908.1128612,564.8249283
sp|P38288|TOS1_YEAST,[PGE]-EMDLFEILTAGSDK,775.8739624,2,18.73535215,804.446167,1,y,8,2693.186302,,,,,136.5906033
sp|P38288|TOS1_YEAST,[PGE]-EMDLFEILTAGSDK,775.8739624,2,18.73535215,1080.557129,1,y,10,1309.926262,5795.901921,,73.87250969,6219.741877,284.1280906
sp|P38288|TOS1_YEAST,[PGE]-EMDLFEILTAGSDK,775.8739624,2,18.73535215,860.3858643,1,b,7,155.542995,2094.607175,278.2724479,10.59838314,3613.377075,
sp|P38288|TOS1_YEAST,[PGE]-EMDLFEILTAGSDK,775.8739624,2,18.73535215,973.4699097,1,b,8,110.8720179,1000.858106,,,646.7090321,128.3066291
sp|P38288|TOS1_YEAST,[PGE]-EMDLFEILTAGSDK,775.8739624,2,18.73535215,578.2780151,1,y,6,775.6997484,587.8710525,73.07805311,,,489.8909886
sp|P53379|MKC7_YEAST,YAGDLYTIPIINTLQHR,663.3581543,3,15.36898184,1091.631958,1,y,9,100398.6057,372.5039089,13004.04917,49927.33792,1249.050871,9783.115848
sp|P53379|MKC7_YEAST,YAGDLYTIPIINTLQHR,663.3581543,3,15.36898184,881.4951782,1,y,7,27725.67499,,2773.819102,12247.50592,666.5294937,3294.278062
sp|P53379|MKC7_YEAST,YAGDLYTIPIINTLQHR,663.3581543,3,15.36898184,877.4833984,2,y,15,23934.34667,418.6930516,,11214.84171,678.235143,3102.935656
sp|P53379|MKC7_YEAST,YAGDLYTIPIINTLQHR,663.3581543,3,15.36898184,768.4111328,1,y,6,33432.7687,61.91497172,3455.470426,15484.12384,474.0057359,2333.392603
sp|P53379|MKC7_YEAST,YAGDLYTIPIINTLQHR,663.3581543,3,15.36898184,734.9171753,2,y,12,16012.97324,133.1702101,2769.21739,6946.374922,,2000.421006
sp|P53379|MKC7_YEAST,YAGDLYTIPIINTLQHR,663.3581543,3,15.36898184,913.0019531,2,y,16,6305.886811,,,3185.407897,106.7461668,478.1037071
sp|P53379|MKC7_YEAST,IPVLLDSGTTISYMPTELVK,726.3973389,3,16.20804431,1067.544189,1,y,9,35488.07817,97.95896947,4634.609696,5548.436588,63.73727781,5281.745772
sp|P53379|MKC7_YEAST,IPVLLDSGTTISYMPTELVK,726.3973389,3,16.20804431,817.4487915,1,y,7,30280.14344,60.86796095,5280.20022,4447.535088,135.4750071,3166.146171
sp|P53379|MKC7_YEAST,IPVLLDSGTTISYMPTELVK,726.3973389,3,16.20804431,980.512146,1,y,8,27157.09805,80.77947848,,4218.087392,91.42671269,3216.063331
sp|P53379|MKC7_YEAST,IPVLLDSGTTISYMPTELVK,726.3973389,3,16.20804431,997.5564575,1,b,10,12031.10109,120.5169376,15306.43584,,47.12851309,1107.973396
sp|P53379|MKC7_YEAST,IPVLLDSGTTISYMPTELVK,726.3973389,3,16.20804431,896.5087891,1,b,9,9625.98184,145.6385244,1563.539477,1589.695716,,849.7695501
sp|P53379|MKC7_YEAST,IPVLLDSGTTISYMPTELVK,726.3973389,3,16.20804431,1180.628174,1,y,10,16705.91892,,,1528.171774,96.21175907,1216.613928
sp|P53379|MKC7_YEAST,SYTYNNFPMVLK,738.8632202,2,14.05036756,962.5128174,1,y,8,11060.9317,2057.405682,3519.092566,9749.242503,3582.745862,7118.915949
sp|P53379|MKC7_YEAST,SYTYNNFPMVLK,738.8632202,2,14.05036756,1226.623779,1,y,10,10232.48023,1680.283975,2875.356123,5131.780857,2400.308073,4973.482153
sp|P53379|MKC7_YEAST,SYTYNNFPMVLK,738.8632202,2,14.05036756,587.3585205,1,y,5,16278.00457,4987.789372,5242.644039,12895.83251,4583.362714,10562.26052
sp|P53379|MKC7_YEAST,SYTYNNFPMVLK,738.8632202,2,14.05036756,352.1502991,1,b,3,6632.918083,1088.045736,3151.325761,3993.886641,2652.101439,5693.510357
sp|P53379|MKC7_YEAST,SYTYNNFPMVLK,738.8632202,2,14.05036756,147.1128082,1,y,1,,,,,,
sp|P53379|MKC7_YEAST,SYTYNNFPMVLK,738.8632202,2,14.05036756,251.1026306,1,b,2,10265.83403,2325.038165,7693.852211,9730.052889,5170.132077,6674.968496
sp|P52911|EXG2_YEAST,ILYGDLGWLR,603.3375244,2,15.12419967,979.4995728,1,y,8,26087.23964,87.2792273,2076.17135,23638.87976,2016.902108,5789.597544
sp|P52911|EXG2_YEAST,ILYGDLGWLR,603.3375244,2,15.12419967,816.4362793,1,y,7,9969.244533,,924.0686289,7975.778933,487.6783071,2028.424109
sp|P52911|EXG2_YEAST,ILYGDLGWLR,603.3375244,2,15.12419967,644.3878784,1,y,5,11867.34174,3156.798429,212.6269063,9359.255964,184.3958734,1831.513906
sp|P52911|EXG2_YEAST,ILYGDLGWLR,603.3375244,2,15.12419967,1092.583618,1,y,9,7969.592766,291.3378557,700.0908225,4195.01004,292.1936324,797.5648148
sp|P52911|EXG2_YEAST,ILYGDLGWLR,603.3375244,2,15.12419967,759.4147949,1,y,6,2092.338896,,665.8221153,2018.111511,212.7127232,638.943188
sp|P52911|EXG2_YEAST,ILYGDLGWLR,603.3375244,2,15.12419967,531.303772,1,y,4,3027.372499,,,2613.502631,92.51976765,960.0911744
sp|P52911|EXG2_YEAST,ELTLAIWR,501.292572,2,14.67860712,545.319458,1,y,4,13175.88746,977.1216458,830.9475581,13527.9684,1378.055457,3161.968495
sp|P52911|EXG2_YEAST,ELTLAIWR,501.292572,2,14.67860712,658.4035034,1,y,5,2380.402037,373.1327669,13531.99608,2630.291475,,755.1677725
sp|P52911|EXG2_YEAST,ELTLAIWR,501.292572,2,14.67860712,759.4511719,1,y,6,15493.02516,555.0378548,22849.15461,13031.66035,2119.255741,2442.919971
sp|P52911|EXG2_YEAST,ELTLAIWR,501.292572,2,14.67860712,474.2823181,1,y,3,6509.248067,,4023.345537,6605.618658,302.5860984,1795.643326
sp|P52911|EXG2_YEAST,ELTLAIWR,501.292572,2,14.67860712,344.1816101,1,b,3,2163.744761,362.5640113,,2230.875807,468.1550752,461.6840306
sp|P52911|EXG2_YEAST,ELTLAIWR,501.292572,2,14.67860712,361.1982727,1,y,2,6310.472002,884.4242238,,4984.485579,815.6850504,1231.30597
sp|P47033|PRY3_YEAST,[PGQ]-QTTFPNFESDVLNEHNK,1001.960693,2,14.16446803,1542.718262,1,y,13,23562.32766,4623.748474,1848.453582,37630.99027,16009.15822,21620.80604
sp|P47033|PRY3_YEAST,[PGQ]-QTTFPNFESDVLNEHNK,1001.960693,2,14.16446803,1055.511597,1,y,9,26655.99362,2870.081506,2442.109984,31448.6053,13498.30116,18727.94528
sp|P47033|PRY3_YEAST,[PGQ]-QTTFPNFESDVLNEHNK,1001.960693,2,14.16446803,1184.554199,1,y,10,17306.28544,2034.948438,2101.546861,21911.46975,10058.22052,13323.88271
sp|P47033|PRY3_YEAST,[PGQ]-QTTFPNFESDVLNEHNK,1001.960693,2,14.16446803,1331.622681,1,y,11,12874.69996,1360.313197,1097.780697,18309.77493,11336.07475,11067.16534
sp|P47033|PRY3_YEAST,[PGQ]-QTTFPNFESDVLNEHNK,1001.960693,2,14.16446803,1445.665527,1,y,12,8615.479512,1036.261897,1334.120841,8946.158283,4043.551389,5410.043693
sp|P47033|PRY3_YEAST,[PGQ]-QTTFPNFESDVLNEHNK,1001.960693,2,14.16446803,1150.46875,1,b,10,,553.1800199,296.1129745,,,
sp|P47033|PRY3_YEAST,STAEIGC[PPa]GYK,550.2580566,2,8.189787819,598.2653809,1,y,5,17570.23845,5265.374188,4913.821123,22501.78366,19578.59244,14741.27821
sp|P47033|PRY3_YEAST,STAEIGC[PPa]GYK,550.2580566,2,8.189787819,911.4291382,1,y,8,18799.24671,7655.102967,4070.117367,24638.18819,19144.19616,14286.98865
sp|P47033|PRY3_YEAST,STAEIGC[PPa]GYK,550.2580566,2,8.189787819,840.3920288,1,y,7,9816.111856,3542.698127,2717.210125,11567.21417,11617.1031,6905.998866
sp|P47033|PRY3_YEAST,STAEIGC[PPa]GYK,550.2580566,2,8.189787819,711.3494263,1,y,6,13513.02816,4960.228493,2317.984055,18280.70811,15613.1848,10662.15707
sp|P47033|PRY3_YEAST,STAEIGC[PPa]GYK,550.2580566,2,8.189787819,953.4033203,1,b,9,9868.199216,1670.387217,,5125.171511,2291.036393,2431.456359
sp|P47033|PRY3_YEAST,STAEIGC[PPa]GYK,550.2580566,2,8.189787819,541.2527466,2,b,10,5999.238819,2518.282469,1068.290822,7824.179052,6877.433873,5223.411088
sp|P47033|PRY3_YEAST,[PGQ]-QTTFPNFESDVLNEHNKFR,769.3660889,3,14.39879726,923.4475708,2,y,15,,,40324.48741,,,409.7467055
sp|P47033|PRY3_YEAST,[PGQ]-QTTFPNFESDVLNEHNKFR,769.3660889,3,14.39879726,817.8997192,2,y,13,2246.271417,,3783.835649,2193.569657,,
sp|P47033|PRY3_YEAST,[PGQ]-QTTFPNFESDVLNEHNKFR,769.3660889,3,14.39879726,1156.622192,1,y,9,888.2826011,23.75887875,6228.602512,2037.788469,3393.840685,94.25032366
sp|P47033|PRY3_YEAST,[PGQ]-QTTFPNFESDVLNEHNKFR,769.3660889,3,14.39879726,944.4696655,1,y,7,2700.311381,102.7843996,11957.81154,1335.917984,13666.58098,46.68024324
sp|P47033|PRY3_YEAST,[PGQ]-QTTFPNFESDVLNEHNKFR,769.3660889,3,14.39879726,1358.681152,1,y,11,1441.929106,,4179.28032,828.6100363,13130.73658,
sp|P47033|PRY3_YEAST,[PGQ]-QTTFPNFESDVLNEHNKFR,769.3660889,3,14.39879726,1057.553711,1,y,8,5601.497118,60.29405297,12038.02609,8606.807155,,
sp|P32623|CRH2_YEAST,YSFSHDSC[PPa]MPVPIC[PPa]K,619.2774048,3,12.13030055,727.4171143,1,y,6,244817.7993,40812.15375,82295.20389,167128.2131,84942.14528,125283.3025
sp|P32623|CRH2_YEAST,YSFSHDSC[PPa]MPVPIC[PPa]K,619.2774048,3,12.13030055,1129.407715,1,b,9,64911.52706,10087.77804,21316.49538,46389.20373,24234.55614,29297.40724
sp|P32623|CRH2_YEAST,YSFSHDSC[PPa]MPVPIC[PPa]K,619.2774048,3,12.13030055,824.3209839,1,b,7,19835.89953,5798.208282,6355.09786,14629.16114,6719.823152,11792.13872
sp|P32623|CRH2_YEAST,YSFSHDSC[PPa]MPVPIC[PPa]K,619.2774048,3,12.13030055,998.3672485,1,b,8,68909.15289,9789.220535,23966.22345,47881.32176,24026.74465,32567.06369
sp|P32623|CRH2_YEAST,YSFSHDSC[PPa]MPVPIC[PPa]K,619.2774048,3,12.13030055,630.3643188,1,y,5,,,,,,
sp|P32623|CRH2_YEAST,YSFSHDSC[PPa]MPVPIC[PPa]K,619.2774048,3,12.13030055,737.2889404,1,b,6,19160.12825,2204.218245,6782.345866,16237.40906,6972.600267,7954.939356
sp|P32623|CRH2_YEAST,YQYPQTPSK,556.2745361,2,8.092303709,657.3566284,1,y,6,92088.21525,1546.133224,6088.821865,71669.7173,32913.71992,62214.09024
sp|P32623|CRH2_YEAST,YQYPQTPSK,556.2745361,2,8.092303709,820.4199219,1,y,7,113203.2601,1036.717882,996.5495079,85846.97019,38054.38066,72031.77783
sp|P32623|CRH2_YEAST,YQYPQTPSK,556.2745361,2,8.092303709,948.4785156,1,y,8,,,,,,
sp|P32623|CRH2_YEAST,YQYPQTPSK,556.2745361,2,8.092303709,331.1976013,1,y,3,34776.84244,3303.073064,,26727.1755,11762.85028,23612.71464
sp|P32623|CRH2_YEAST,YQYPQTPSK,556.2745361,2,8.092303709,432.2452698,1,y,4,13995.42218,,3134.14399,10691.41082,4629.331015,9076.515708
sp|P32623|CRH2_YEAST,YQYPQTPSK,556.2745361,2,8.092303709,455.1925049,1,b,3,17655.44153,,1402.403805,14553.87245,4994.350901,11911.29581
sp|P46992|YJR1_YEAST,NSSSIGYYDLPAIWLLNDHIAR,840.0957031,3,16.93386026,1015.52832,2,y,17,6094.638552,,,292.0814358,172.3923341,781.4546991
sp|P46992|YJR1_YEAST,NSSSIGYYDLPAIWLLNDHIAR,840.0957031,3,16.93386026,1418.790283,1,y,12,13611.16551,,28.89364721,39.14919903,,98.700524
sp|P46992|YJR1_YEAST,NSSSIGYYDLPAIWLLNDHIAR,840.0957031,3,16.93386026,1137.616333,1,y,9,13235.59463,24.22081482,33.37040837,1280.013466,,
sp|P46992|YJR1_YEAST,NSSSIGYYDLPAIWLLNDHIAR,840.0957031,3,16.93386026,987.0176392,2,y,16,1276.991149,,27.96040482,,38.85327243,348.0107641
sp|P46992|YJR1_YEAST,NSSSIGYYDLPAIWLLNDHIAR,840.0957031,3,16.93386026,951.5370483,1,y,8,7650.725036,114.4537603,139.4244067,301.2985533,19.62013159,
sp|P46992|YJR1_YEAST,NSSSIGYYDLPAIWLLNDHIAR,840.0957031,3,16.93386026,1115.586426,2,y,19,,28.58805121,,88.44883139,76.3810182,222.7658487
sp|P46992|YJR1_YEAST,NAPLADYLSVHFR,501.5965271,3,14.23313351,645.3467407,1,y,5,32280.53942,545.8162324,3976.308598,18392.71296,636.7623029,3403.448948
sp|P46992|YJR1_YEAST,NAPLADYLSVHFR,501.5965271,3,14.23313351,1107.558228,1,y,9,17150.77946,140.1278066,3822.644164,11246.30998,1251.594252,2005.540659
sp|P46992|YJR1_YEAST,NAPLADYLSVHFR,501.5965271,3,14.23313351,758.4307861,1,y,6,11666.14914,,2087.211982,10238.03215,188.5769074,1084.321772
sp|P46992|YJR1_YEAST,NAPLADYLSVHFR,501.5965271,3,14.23313351,659.3511353,2,y,11,67107.91175,1639.702778,13685.92475,38711.75039,3574.805253,6318.271401
sp|P46992|YJR1_YEAST,NAPLADYLSVHFR,501.5965271,3,14.23313351,554.2827148,2,y,9,8707.060213,,,10914.63046,,731.8259154
sp|P46992|YJR1_YEAST,NAPLADYLSVHFR,501.5965271,3,14.23313351,921.4941406,1,y,7,10974.98536,242.3348384,2294.297592,6570.117002,255.7148978,1229.951069
sp|P46992|YJR1_YEAST,N[Dea]APLADYLSVHFR,501.92453,3,14.22957683,645.3467407,1,y,5,32280.53942,545.8162324,3976.308598,18392.71296,636.7623029,3403.448948
sp|P46992|YJR1_YEAST,N[Dea]APLADYLSVHFR,501.92453,3,14.22957683,659.3511353,2,y,11,67107.91175,1639.702778,13685.92475,38711.75039,3574.805253,6318.271401
sp|P46992|YJR1_YEAST,N[Dea]APLADYLSVHFR,501.92453,3,14.22957683,758.4307861,1,y,6,11666.14914,,2087.211982,10238.03215,188.5769074,1084.321772
sp|P46992|YJR1_YEAST,N[Dea]APLADYLSVHFR,501.92453,3,14.22957683,558.3146973,1,y,4,20690.11243,416.1800552,6151.619249,9825.718392,2165.211043,
sp|P46992|YJR1_YEAST,N[Dea]APLADYLSVHFR,501.92453,3,14.22957683,1107.558228,1,y,9,17150.77946,140.1278066,3822.644164,11246.30998,1251.594252,2005.540659
sp|P46992|YJR1_YEAST,N[Dea]APLADYLSVHFR,501.92453,3,14.22957683,1036.520996,1,y,8,11018.4932,161.6365231,2048.861691,5145.533227,753.2971695,1517.662041
sp|Q06325|YPS7_YEAST,LLLGGVDPSLFTGTLGK,844.4851074,2,16.44501248,1135.599365,1,y,11,7528.778453,215.7066905,323.7277196,2687.101351,188.8376311,1384.296905
sp|Q06325|YPS7_YEAST,LLLGGVDPSLFTGTLGK,844.4851074,2,16.44501248,1020.572449,1,y,10,16537.44683,256.3698362,1162.471821,5550.631304,631.7338798,3848.046484
sp|Q06325|YPS7_YEAST,LLLGGVDPSLFTGTLGK,844.4851074,2,16.44501248,1348.710693,1,y,14,4986.18958,46.79658778,150.2177709,1755.16066,142.9802973,901.7601743
sp|Q06325|YPS7_YEAST,LLLGGVDPSLFTGTLGK,844.4851074,2,16.44501248,1291.689209,1,y,13,1483.539432,,145.7517374,634.2693202,,516.0377208
sp|Q06325|YPS7_YEAST,LLLGGVDPSLFTGTLGK,844.4851074,2,16.44501248,1461.7948,1,y,15,2003.183238,,,605.0146658,,350.0903547
sp|Q06325|YPS7_YEAST,LLLGGVDPSLFTGTLGK,844.4851074,2,16.44501248,923.5196533,1,y,9,1064.283378,88.38890772,,577.4753218,35.15708181,212.1428006
sp|Q06325|YPS7_YEAST,TSGLLGLSGK,466.7742004,2,11.48105174,574.355896,1,y,6,28064.26605,966.8340351,13449.97849,16815.98822,3801.319009,4348.133497
sp|Q06325|YPS7_YEAST,TSGLLGLSGK,466.7742004,2,11.48105174,744.4614258,1,y,8,8735.658718,2098.833185,9479.715498,7217.381082,5251.785734,6613.49506
sp|Q06325|YPS7_YEAST,TSGLLGLSGK,466.7742004,2,11.48105174,687.4399414,1,y,7,10904.46544,1949.010597,9688.911679,11674.34621,4811.375916,2088.771415
sp|Q06325|YPS7_YEAST,TSGLLGLSGK,466.7742004,2,11.48105174,291.1662903,1,y,3,4362.551144,1244.252078,,3298.425808,870.211227,2184.379822
sp|Q06325|YPS7_YEAST,TSGLLGLSGK,466.7742004,2,11.48105174,404.2503662,1,y,4,1834.570241,,,,1059.693223,
sp|Q06325|YPS7_YEAST,TSGLLGLSGK,466.7742004,2,11.48105174,147.1128082,1,y,1,,,86577.1604,,4949.406548,
sp|P15703|BGL2_YEAST,IGELAFNLGVK,580.8373413,2,14.21619632,748.4351807,1,y,7,20823.50758,1303.190045,,7921.002494,1119.016215,3157.141179
sp|P15703|BGL2_YEAST,IGELAFNLGVK,580.8373413,2,14.21619632,1047.583374,1,y,10,14058.44444,569.0777015,774.7749092,4446.189413,597.9058022,2243.446479
sp|P15703|BGL2_YEAST,IGELAFNLGVK,580.8373413,2,14.21619632,861.5192871,1,y,8,17208.46194,1228.922606,112.0367951,3778.119512,690.8463495,2991.866531
sp|P15703|BGL2_YEAST,IGELAFNLGVK,580.8373413,2,14.21619632,631.3449707,1,b,6,6749.443983,1105.532181,,4429.523668,563.6020235,256.4504077
sp|P15703|BGL2_YEAST,IGELAFNLGVK,580.8373413,2,14.21619632,300.1553955,1,b,3,36392.62464,2108.48254,405.13276,19705.05799,,2170.537601
sp|P15703|BGL2_YEAST,IGELAFNLGVK,580.8373413,2,14.21619632,413.2394714,1,b,4,,,1099.722139,,,
sp|P15703|BGL2_YEAST,ESTVAGFLVGSEALYR,849.9384766,2,22.82080418,894.4679565,1,y,8,96.31630129,81.78726502,139.6943823,,186.0421258,929.2644527
sp|P15703|BGL2_YEAST,ESTVAGFLVGSEALYR,849.9384766,2,22.82080418,1211.641846,1,y,11,122.6797264,93.72401308,37.75994973,598.4902262,,541.0334809
sp|P15703|BGL2_YEAST,ESTVAGFLVGSEALYR,849.9384766,2,22.82080418,1282.678955,1,y,12,81.30853306,14.49131512,37.58549098,81.88946759,86.53683795,501.7848529
sp|P15703|BGL2_YEAST,ESTVAGFLVGSEALYR,849.9384766,2,22.82080418,904.477478,1,b,9,,,,,,
sp|P15703|BGL2_YEAST,ESTVAGFLVGSEALYR,849.9384766,2,22.82080418,1154.620483,1,y,10,,220.8492349,77.18950956,55.81029875,376.7880721,380.845079
sp|P15703|BGL2_YEAST,ESTVAGFLVGSEALYR,849.9384766,2,22.82080418,1381.747437,1,y,13,103.6409368,108.4828856,35.17229892,,234.3016772,47.93032449
sp|P12630|BAR1_YEAST,YATTPVSGVLGIGFPR,817.9486694,2,15.23265725,1198.694214,1,y,12,35775.89797,,,98.89827302,254.0257408,10044.18733
sp|P12630|BAR1_YEAST,YATTPVSGVLGIGFPR,817.9486694,2,15.23265725,1002.57312,1,y,10,17467.81944,76.16158513,37.94220881,135.5979429,117.8126553,5869.635823
sp|P12630|BAR1_YEAST,YATTPVSGVLGIGFPR,817.9486694,2,15.23265725,915.5410767,1,y,9,6159.030137,,114.9900852,77.55565737,161.355263,2549.932429
sp|P12630|BAR1_YEAST,YATTPVSGVLGIGFPR,817.9486694,2,15.23265725,858.5195923,1,y,8,5126.100441,,,87.17811339,,
sp|P12630|BAR1_YEAST,YATTPVSGVLGIGFPR,817.9486694,2,15.23265725,1101.641479,1,y,11,7958.57348,14.48355822,67.25116775,80.93260336,47.26336482,950.0905302
sp|P12630|BAR1_YEAST,YATTPVSGVLGIGFPR,817.9486694,2,15.23265725,1299.741943,1,y,13,5409.243981,35.16031117,9.963433257,,434.0506004,644.8895255
sp|P12630|BAR1_YEAST,YPVLLDSGTSLLNAPK,844.4669189,2,14.71947595,1328.742065,1,y,13,4489.503932,145.2827228,553.8102203,,570.4032917,655.1800812
sp|P12630|BAR1_YEAST,YPVLLDSGTSLLNAPK,844.4669189,2,14.71947595,987.546936,1,y,10,7803.975119,,1015.588841,112.6540143,894.3846384,1042.225588
sp|P12630|BAR1_YEAST,YPVLLDSGTSLLNAPK,844.4669189,2,14.71947595,1215.657959,1,y,12,3929.592024,256.7634723,631.694592,427.0020463,286.7927162,1720.714374
sp|P12630|BAR1_YEAST,YPVLLDSGTSLLNAPK,844.4669189,2,14.71947595,900.5148926,1,y,9,6218.128054,344.9180182,635.4197586,68.10436136,,895.869427
sp|P12630|BAR1_YEAST,YPVLLDSGTSLLNAPK,844.4669189,2,14.71947595,1102.573853,1,y,11,3942.475497,117.6795358,1500.942835,583.5666348,881.3036953,950.5447783
sp|P12630|BAR1_YEAST,YPVLLDSGTSLLNAPK,844.4669189,2,14.71947595,1427.810425,1,y,14,1319.524959,93.95340595,502.3078943,116.5118551,179.3202196,294.1132286
sp|Q03178|PIR1_YEAST,SSGTLEMNLK,540.2736816,2,10.90170663,747.4069214,1,y,6,3386519.889,1253973.669,625213.2764,2630767.793,2057621.241,2848775.621
sp|Q03178|PIR1_YEAST,SSGTLEMNLK,540.2736816,2,10.90170663,634.322876,1,y,5,3853468.525,1376091.939,707338.7499,2959579.877,2331448.024,3328171.124
sp|Q03178|PIR1_YEAST,SSGTLEMNLK,540.2736816,2,10.90170663,905.4760742,1,y,8,4073719.376,1679727.899,934557.2167,3282850.263,2669461.355,3552372.917
sp|Q03178|PIR1_YEAST,SSGTLEMNLK,540.2736816,2,10.90170663,848.4545898,1,y,7,1390638.949,463027.3408,231198.9702,1107224.807,806779.6902,1140505.96
sp|Q03178|PIR1_YEAST,SSGTLEMNLK,540.2736816,2,10.90170663,992.5081177,1,y,9,1108402.578,348948.5451,180728.8793,888027.2553,612905.8224,907245.3967
sp|Q03178|PIR1_YEAST,SSGTLEMNLK,540.2736816,2,10.90170663,575.2671509,1,b,6,,,,,,
sp|Q03178|PIR1_YEAST,SSGTLEM[Oxi]NLK,548.2711792,2,10.30079798,650.3178101,1,y,5,100784.5007,21385.8289,456.1524723,50693.06604,31406.32797,57167.11023
sp|Q03178|PIR1_YEAST,SSGTLEM[Oxi]NLK,548.2711792,2,10.30079798,763.4018555,1,y,6,49195.79753,19932.49569,,52217.4242,28874.22266,52033.78785
sp|Q03178|PIR1_YEAST,SSGTLEM[Oxi]NLK,548.2711792,2,10.30079798,921.4710083,1,y,8,60521.55199,20269.63881,,56823.16232,34693.62353,57165.562
sp|Q03178|PIR1_YEAST,SSGTLEM[Oxi]NLK,548.2711792,2,10.30079798,864.4495239,1,y,7,23522.78445,8789.931338,2512.613136,25670.70356,12385.72104,20695.36092
sp|Q03178|PIR1_YEAST,SSGTLEM[Oxi]NLK,548.2711792,2,10.30079798,374.2398071,1,y,3,,,317.8528588,,,
sp|Q03178|PIR1_YEAST,SSGTLEM[Oxi]NLK,548.2711792,2,10.30079798,521.2752075,1,y,4,,,10812.56868,,,
sp|Q03178|PIR1_YEAST,AVHLQAIDLLNC[PPa],690.8688354,2,14.44094833,848.4624634,1,b,8,16109.39551,1175.080923,212.8733475,108.6542225,3574.762524,7023.621513
sp|Q03178|PIR1_YEAST,AVHLQAIDLLNC[PPa],690.8688354,2,14.44094833,733.4355469,1,b,7,7827.115584,332.1417881,66.56565476,183.8799275,2211.950813,3016.111763
sp|Q03178|PIR1_YEAST,AVHLQAIDLLNC[PPa],690.8688354,2,14.44094833,1074.630615,1,b,10,7965.078392,801.4136237,,,2522.44595,6104.969703
sp|Q03178|PIR1_YEAST,AVHLQAIDLLNC[PPa],690.8688354,2,14.44094833,1188.673584,1,b,11,5768.058042,857.2445851,430.0458523,337.5321766,1075.559098,2607.374119
sp|Q03178|PIR1_YEAST,AVHLQAIDLLNC[PPa],690.8688354,2,14.44094833,961.5465698,1,b,9,11509.09642,1658.671416,197.1844595,96.73120527,2513.061583,6726.706843
sp|Q03178|PIR1_YEAST,AVHLQAIDLLNC[PPa],690.8688354,2,14.44094833,308.1717224,1,b,3,8415.350854,741.1945224,82.69209923,160.375326,2292.229149,5619.500479
sp|P32329|YPS1_YEAST,YDNFPIVLK,554.805481,2,10.70692389,945.5404053,1,y,8,8565.857088,1304.36043,1017.067231,4555.934235,2774.495677,5849.458311
sp|P32329|YPS1_YEAST,YDNFPIVLK,554.805481,2,10.70692389,830.5134277,1,y,7,,2459.076144,,10854.1782,4580.933593,6715.881128
sp|P32329|YPS1_YEAST,YDNFPIVLK,554.805481,2,10.70692389,716.47052,1,y,6,,1697.478177,5235.970576,8320.587653,3564.16017,5642.639704
sp|P32329|YPS1_YEAST,YDNFPIVLK,554.805481,2,10.70692389,359.2652893,1,y,3,,737.0796947,2294.957783,4385.222396,1442.414521,3220.772095
sp|P32329|YPS1_YEAST,YDNFPIVLK,554.805481,2,10.70692389,393.1404724,1,b,3,9566.420331,,2048.194028,3750.719899,1328.414528,2855.071645
sp|P32329|YPS1_YEAST,YDNFPIVLK,554.805481,2,10.70692389,147.1128082,1,y,1,110853.965,,,,,
